vendor,product,total_cves,scored_cves,high_epss_cves,high_epss_rate,avg_epss_score
debian,debian_linux,3,3,1,0.333333,0.25992
gnu,inetutils,1,1,1,1.0,0.77919
samsung,android,1216,1216,0,0.0,0.00012
juniper,junos,606,606,0,0.0,0.000132
parseplatform,parse_dashboard,541,541,0,0.0,0.00033
rustfs,rustfs,478,478,0,0.0,0.000364
linux,linux_kernel,236,236,0,0.0,0.000187
apple,macos,176,176,0,0.0,0.000305
microsoft,windows_10_1809,171,171,0,0.0,0.002648
microsoft,windows_10_21h2,149,149,0,0.0,0.003601
microsoft,windows_10_22h2,149,149,0,0.0,0.003601
mozilla,firefox,149,149,0,0.0,0.000479
microsoft,windows_11_24h2,148,148,0,0.0,0.00264
microsoft,windows_11_25h2,146,146,0,0.0,0.002673
microsoft,windows_11_23h2,139,139,0,0.0,0.002788
paloaltonetworks,pan-os,139,139,0,0.0,0.00032
microsoft,windows_10_1607,131,131,0,0.0,0.003356
mozilla,thunderbird,119,119,0,0.0,0.000463
juniper,junos_os_evolved,118,118,0,0.0,0.000105
microsoft,windows_server_2025,112,112,0,0.0,0.0021
microsoft,windows_server_2022_23h2,105,105,0,0.0,0.002217
microsoft,windows_server_2022,102,102,0,0.0,0.002274
sangoma,certified_asterisk,99,99,0,0.0,0.000292
microsoft,windows_server_2012,97,97,0,0.0,0.003937
microsoft,windows_server_2019,93,93,0,0.0,0.002466
microsoft,office_long_term_servicing_channel,92,92,0,0.0,0.006772
microsoft,windows,86,86,0,0.0,0.000372
gitlab,gitlab,82,82,0,0.0,0.000356
microsoft,windows_server_2008,74,74,0,0.0,0.000792
imagemagick,imagemagick,71,71,0,0.0,0.000482
microsoft,windows_server_2016,71,71,0,0.0,0.003125
color,iccdev,68,68,0,0.0,0.000714
craftcms,craft_cms,67,67,0,0.0,0.000315
apple,ipados,64,64,0,0.0,0.000332
apple,iphone_os,64,64,0,0.0,0.000332
freerdp,freerdp,45,45,0,0.0,0.000726
google,chrome,45,45,0,0.0,0.000634
szadmin,sz-boot-parent,45,45,0,0.0,0.00046
sap,sap_basis,41,41,0,0.0,0.000145
cisco,identity_services_engine,37,37,0,0.0,0.00011
huawei,harmonyos,37,37,0,0.0,4.2e-05
craftcms,craft_commerce,35,35,0,0.0,0.000182
openclaw,openclaw,35,35,0,0.0,0.000372
microsoft,365_apps,34,34,0,0.0,0.008054
microsoft,office,33,33,0,0.0,0.012207
oracle,jdk,29,29,0,0.0,0.000347
oracle,jre,29,29,0,0.0,0.000347
oracle,vm_virtualbox,28,28,0,0.0,0.000275
joinmastodon,mastodon,26,26,0,0.0,0.00044
microsoft,sharepoint_server,26,26,0,0.0,0.002387
apple,visionos,25,25,0,0.0,0.000478
funadmin,funadmin,25,25,0,0.0,0.000392
n8n,n8n,25,25,0,0.0,0.010302
3ds,solidworks_edrawings,24,24,0,0.0,0.000173
splunk,splunk,23,23,0,0.0,0.000395
wekan_project,wekan,23,23,0,0.0,0.000274
open-emr,openemr,21,21,0,0.0,0.000814
openproject,openproject,21,21,0,0.0,0.000348
postgresql,postgresql,21,21,0,0.0,0.000753
dlink,dwr-m960,20,20,0,0.0,0.000315
dlink,dwr-m960_firmware,20,20,0,0.0,0.000315
oracle,mysql_server,20,20,0,0.0,0.000467
owlcyberdefense,opds-talon,20,20,0,0.0,0.000681
sap,s4core,20,20,0,0.0,0.000226
grafana,grafana,19,19,0,0.0,0.000158
mongodb,mongodb,19,19,0,0.0,0.000456
sap,s\/4hana_defense_\&_security,19,19,0,0.0,0.0001
algosolutions,8180_ip_audio_alerter,18,18,0,0.0,0.004321
algosolutions,8180_ip_audio_alerter_firmware,18,18,0,0.0,0.004321
cern,rucio,18,18,0,0.0,0.000507
fabian,online_music_site,18,18,0,0.0,0.000306
gfi,mailessentials,18,18,0,0.0,0.000327
angular,angular,17,17,0,0.0,0.000262
minimatch_project,minimatch,17,17,0,0.0,0.000431
sap,netweaver_as_abap_kernel,17,17,0,0.0,0.000126
spreecommerce,spree,17,17,0,0.0,0.000312
adobe,indesign,16,16,0,0.0,0.00024
dlink,dir-823x_firmware,16,16,0,0.0,0.002249
elastic,kibana,16,16,0,0.0,0.000587
fleetdm,fleet,16,16,0,0.0,0.00069
google,android,16,16,0,0.0,2.8e-05
ivanti,endpoint_manager,16,16,0,0.0,0.059005
sangoma,asterisk,16,16,0,0.0,0.000432
sap,netweaver_application_server_abap,16,16,0,0.0,0.000479
adobe,after_effects,15,15,0,0.0,0.00013
apple,watchos,15,15,0,0.0,0.00049
copeland,xweb_300d_pro,15,15,0,0.0,0.001239
copeland,xweb_300d_pro_firmware,15,15,0,0.0,0.001239
copeland,xweb_500b_pro,15,15,0,0.0,0.001239
copeland,xweb_500b_pro_firmware,15,15,0,0.0,0.001239
copeland,xweb_500d_pro,15,15,0,0.0,0.001239
copeland,xweb_500d_pro_firmware,15,15,0,0.0,0.001239
dlink,dir-823x,15,15,0,0.0,0.002321
espressif,esp-idf,15,15,0,0.0,0.000247
fastapiadmin,fastapi-admin,15,15,0,0.0,0.000358
github,enterprise_server,15,15,0,0.0,0.00057
huawei,emui,15,15,0,0.0,3.9e-05
utt,520w,15,15,0,0.0,0.000978
utt,520w_firmware,15,15,0,0.0,0.000978
asustor,data_master,14,14,0,0.0,0.000959
open5gs,open5gs,14,14,0,0.0,0.000613
sap,document_management_system,14,14,0,0.0,0.00019
sick,tdc-x401gl,14,14,0,0.0,0.000209
sick,tdc-x401gl_firmware,14,14,0,0.0,0.000209
yeqifu,warehouse,14,14,0,0.0,0.000496
apple,tvos,13,13,0,0.0,0.000534
bytecodealliance,wasmtime,13,13,0,0.0,0.000556
f5,nginx_plus,13,13,0,0.0,0.00015
fabian,online_product_reservation_system,13,13,0,0.0,0.000692
gunet,open_eclass_platform,13,13,0,0.0,0.000362
mattermost,mattermost_server,13,13,0,0.0,0.000258
openssl,openssl,13,13,0,0.0,0.000493
wireshark,wireshark,13,13,0,0.0,0.000261
yonyou,ksoa,13,13,0,0.0,0.000315
angeljudesuarez,society_management_system,12,12,0,0.0,0.000308
discourse,discourse,12,12,0,0.0,0.00039
djangoproject,django,12,12,0,0.0,0.018672
fabian,online_reviewer_system,12,12,0,0.0,0.000278
itsourcecode,school_management_system,12,12,0,0.0,0.000263
mediatek,mt6890,12,12,0,0.0,0.000488
mediatek,mt6897,12,12,0,0.0,0.00031
mediatek,mt6989,12,12,0,0.0,0.00031
oisf,suricata,12,12,0,0.0,0.000579
quatuor,evaluacion_de_desempeno,12,12,0,0.0,0.00037
sap,businessobjects_business_intelligence_platform,12,12,0,0.0,0.0004
sap,solution_tools_plug-in,12,12,0,0.0,0.00031
sap,strategic_enterprise_management,12,12,0,0.0,0.0001
tp-link,archer_be230,12,12,0,0.0,0.003802
tp-link,archer_be230_firmware,12,12,0,0.0,0.003802
ghost,ghost,11,11,0,0.0,0.000528
group-office,group_office,11,11,0,0.0,0.026665
invoiceplane,invoiceplane,11,11,0,0.0,0.000648
microsoft,excel,11,11,0,0.0,0.000282
netapp,ontap,11,11,0,0.0,0.00042
splunk,splunk_cloud_platform,11,11,0,0.0,0.0004
tenda,w30e,11,11,0,0.0,0.000382
tenda,w30e_firmware,11,11,0,0.0,0.000382
bacnetstack,bacnet_stack,10,10,0,0.0,0.000388
dell,powerscale_onefs,10,10,0,0.0,0.000227
dell,unisphere_for_powermax,10,10,0,0.0,0.000496
dnnsoftware,dotnetnuke,10,10,0,0.0,0.000258
hitachienergy,rtu520_firmware,10,10,0,0.0,0.00053
hitachienergy,rtu530_firmware,10,10,0,0.0,0.00053
hitachienergy,rtu540_firmware,10,10,0,0.0,0.00053
hitachienergy,rtu560_firmware,10,10,0,0.0,0.00053
mediatek,mt6991,10,10,0,0.0,0.000364
mineadmin,mineadmin,10,10,0,0.0,0.000342
nasa,cryptolib,10,10,0,0.0,0.000479
owlcyberdefense,opds-100,10,10,0,0.0,0.000681
owlcyberdefense,opds-1000,10,10,0,0.0,0.000681
prasklatechnology,placipy,10,10,0,0.0,0.000495
tenda,f453,10,10,0,0.0,0.000828
tenda,f453_firmware,10,10,0,0.0,0.000828
wegia,wegia,10,10,0,0.0,0.000263
adobe,substance_3d_designer,9,9,0,0.0,0.000212
b3log,siyuan,9,9,0,0.0,0.00107
binardat,10g08-0800gsm,9,9,0,0.0,0.000621
binardat,10g08-0800gsm_firmware,9,9,0,0.0,0.000621
dell,recoverpoint_for_virtual_machines,9,9,0,0.0,0.34162
gitea,gitea,9,9,0,0.0,0.000124
horilla,horilla,9,9,0,0.0,0.000247
mediatek,mt2735,9,9,0,0.0,0.000624
mediatek,mt6833,9,9,0,0.0,0.000624
mediatek,mt6853,9,9,0,0.0,0.000624
mediatek,mt6855,9,9,0,0.0,0.000624
mediatek,mt6873,9,9,0,0.0,0.000624
mediatek,mt6875,9,9,0,0.0,0.000624
mediatek,mt6877,9,9,0,0.0,0.000624
mediatek,mt6880,9,9,0,0.0,0.000624
mediatek,mt6883,9,9,0,0.0,0.000624
mediatek,mt6885,9,9,0,0.0,0.000624
mediatek,mt6889,9,9,0,0.0,0.000624
mediatek,mt6891,9,9,0,0.0,0.000624
mediatek,mt6893,9,9,0,0.0,0.000624
mediatek,mt6899,9,9,0,0.0,0.000402
mediatek,mt6993,9,9,0,0.0,0.0004
mediatek,mt8676,9,9,0,0.0,0.000407
mediatek,mt8791,9,9,0,0.0,0.000624
mediatek,nr15,9,9,0,0.0,0.000624
microsoft,azure_devops_server,9,9,0,0.0,0.00052
moodle,moodle,9,9,0,0.0,0.001117
newapi,new_api,9,9,0,0.0,0.0003
oracle,peoplesoft_enterprise_peopletools,9,9,0,0.0,0.000283
pear,pearweb,9,9,0,0.0,0.000546
saleor,saleor,9,9,0,0.0,0.00041
sap,webclient_ui_framework,9,9,0,0.0,0.00017
teamviewer,digital_employee_experience,9,9,0,0.0,0.000453
xwiki,xwiki,9,9,0,0.0,0.000457
anthropic,claude_code,8,8,0,0.0,0.000609
apple,safari,8,8,0,0.0,0.000485
autodesk,3ds_max,8,8,0,0.0,0.000112
beetel,777vr1,8,8,0,0.0,0.000371
beetel,777vr1_firmware,8,8,0,0.0,0.000371
carmelo,intern_membership_management_system,8,8,0,0.0,0.000313
frangoteam,fuxa,8,8,0,0.0,0.000535
free5gc,free5gc,8,8,0,0.0,0.00075
goauthentik,authentik,8,8,0,0.0,0.000278
gogs,gogs,8,8,0,0.0,0.000452
jung-group,enet_smart_home,8,8,0,0.0,0.000228
mediatek,mt6878,8,8,0,0.0,0.000447
mediatek,mt6879,8,8,0,0.0,0.000447
mediatek,mt6886,8,8,0,0.0,0.000447
mediatek,mt6895,8,8,0,0.0,0.000447
mediatek,mt6983,8,8,0,0.0,0.000447
mediatek,mt6985,8,8,0,0.0,0.000447
mediatek,mt8678,8,8,0,0.0,0.000313
mediatek,mt8791t,8,8,0,0.0,0.00056
mediatek,mt8793,8,8,0,0.0,0.000313
mjdm,majordomo,8,8,0,0.0,0.205034
oracle,graalvm_for_jdk,8,8,0,0.0,0.000348
oracle,hospitality_opera_5,8,8,0,0.0,0.00046
pamzey,patients_waiting_area_queue_management_system,8,8,0,0.0,0.00023
pimcore,pimcore,8,8,0,0.0,8.5e-05
pypdf_project,pypdf,8,8,0,0.0,0.000213
sap,s\/4_hana,8,8,0,0.0,0.00065
sap,s\/4hana,8,8,0,0.0,0.00017
sonicwall,sonicos,8,8,0,0.0,0.001575
adobe,substance_3d_modeler,7,7,0,0.0,0.00027
akuity,kargo,7,7,0,0.0,0.00148
birkir,prime,7,7,0,0.0,0.000971
chamilo,chamilo_lms,7,7,0,0.0,0.00017
dlemstra,magick.net,7,7,0,0.0,0.000301
f5,big-ip_access_policy_manager,7,7,0,0.0,0.000364
graylog,graylog,7,7,0,0.0,0.000429
kanboard,kanboard,7,7,0,0.0,0.000917
langflow,langflow,7,7,0,0.0,0.021054
librenms,librenms,7,7,0,0.0,7e-05
mediatek,mt8673,7,7,0,0.0,0.000426
mediatek,mt8675,7,7,0,0.0,0.000629
mediatek,mt8771,7,7,0,0.0,0.000629
mediatek,mt8797,7,7,0,0.0,0.000629
nyariv,sandboxjs,7,7,0,0.0,0.000687
oracle,utilities_framework,7,7,0,0.0,0.00027
orval,orval,7,7,0,0.0,0.00038
parall,jspdf,7,7,0,0.0,0.000246
riot-os,riot,7,7,0,0.0,0.000633
utt,810g,7,7,0,0.0,0.000881
utt,810g_firmware,7,7,0,0.0,0.000881
zauberzeug,nicegui,7,7,0,0.0,0.000241
admerc,event_management_system,6,6,0,0.0,0.000337
adobe,audition,6,6,0,0.0,0.000203
adobe,bridge,6,6,0,0.0,0.0003
adobe,substance_3d_stager,6,6,0,0.0,0.000275
caddyserver,caddy,6,6,0,0.0,0.000778
calero,verasmart,6,6,0,0.0,0.000823
emlog,emlog,6,6,0,0.0,0.000838
hono,hono,6,6,0,0.0,0.000198
ivanti,endpoint_manager_mobile,6,6,0,0.0,0.62468
juniper,srx1500,6,6,0,0.0,0.000208
juniper,srx1600,6,6,0,0.0,0.000208
juniper,srx2300,6,6,0,0.0,0.000208
juniper,srx300,6,6,0,0.0,0.000208
juniper,srx320,6,6,0,0.0,0.000208
juniper,srx340,6,6,0,0.0,0.000208
juniper,srx345,6,6,0,0.0,0.000208
juniper,srx380,6,6,0,0.0,0.000208
juniper,srx4100,6,6,0,0.0,0.000208
juniper,srx4120,6,6,0,0.0,0.000208
juniper,srx4200,6,6,0,0.0,0.000208
juniper,srx4300,6,6,0,0.0,0.000208
juniper,srx4600,6,6,0,0.0,0.000208
juniper,srx4700,6,6,0,0.0,0.000208
juniper,srx5400,6,6,0,0.0,0.000208
juniper,srx5600,6,6,0,0.0,0.000208
juniper,srx5800,6,6,0,0.0,0.000208
m2team,nanazip,6,6,0,0.0,0.000182
mediatek,mt2737,6,6,0,0.0,0.000588
mediatek,mt6813,6,6,0,0.0,0.000588
mediatek,mt6815,6,6,0,0.0,0.000588
mediatek,mt6835,6,6,0,0.0,0.000588
mediatek,mt6896,6,6,0,0.0,0.000588
mediatek,mt6980,6,6,0,0.0,0.000588
mediatek,mt6990,6,6,0,0.0,0.000588
mediatek,mt8893,6,6,0,0.0,0.000502
mediatek,nr16,6,6,0,0.0,0.000588
mediatek,nr17,6,6,0,0.0,0.000588
mediatek,nr17r,6,6,0,0.0,0.000588
microsoft,office_online_server,6,6,0,0.0,0.000362
oracle,solaris,6,6,0,0.0,0.000268
pluxml,pluxml,6,6,0,0.0,0.000343
rack,rack,6,6,0,0.0,0.000515
siemens,simcenter_femap,6,6,0,0.0,5.3e-05
siemens,simcenter_nastran,6,6,0,0.0,5.3e-05
spip,spip,6,6,0,0.0,0.000418
tenda,a21,6,6,0,0.0,0.000753
tenda,a21_firmware,6,6,0,0.0,0.000753
tenda,hg9,6,6,0,0.0,0.00084
tenda,hg9_firmware,6,6,0,0.0,0.00084
totolink,lr350,6,6,0,0.0,0.009823
totolink,lr350_firmware,6,6,0,0.0,0.009823
webkul,bagisto,6,6,0,0.0,0.001727
adobe,dreamweaver,5,5,0,0.0,0.000484
apache,superset,5,5,0,0.0,0.000436
aquaplatform,revive_adserver,5,5,0,0.0,0.000352
axllent,mailpit,5,5,0,0.0,0.002612
blusparkglobal,bluvoyix,5,5,0,0.0,0.002174
calibre-ebook,calibre,5,5,0,0.0,0.000634
cisco,catalyst_sd-wan_manager,5,5,0,0.0,0.02604
cisco,sd-wan_vsmart_controller,5,5,0,0.0,0.02604
clive_21,news_portal_project,5,5,0,0.0,0.000298
cube,cube.js,5,5,0,0.0,0.000162
dell,elastic_cloud_storage,5,5,0,0.0,0.000138
dell,objectscale,5,5,0,0.0,0.000138
devolutions,devolutions_server,5,5,0,0.0,0.000306
dlink,dir-615,5,5,0,0.0,0.005898
dlink,dir-615_firmware,5,5,0,0.0,0.005898
ethereum,go_ethereum,5,5,0,0.0,0.00038
f5,big-ip_container_ingress_services,5,5,0,0.0,0.000558
flowring,agentflow,5,5,0,0.0,0.00202
fortinet,fortios,5,5,0,0.0,0.02955
frappe,erpnext,5,5,0,0.0,0.00041
gestsup,gestsup,5,5,0,0.0,0.000226
getsimple-ce,getsimple_cms,5,5,0,0.0,0.000384
gimp,gimp,5,5,0,0.0,0.000686
juniper,junos_space,5,5,0,0.0,0.0001
lfprojects,valkey,5,5,0,0.0,0.000416
ligerosmart,ligerosmart,5,5,0,0.0,0.00027
lxsmnsyc,seroval,5,5,0,0.0,0.001152
mediatek,mt6858,5,5,0,0.0,0.000586
mediatek,mt6986,5,5,0,0.0,0.000586
mediatek,mt8668,5,5,0,0.0,0.000482
mediatek,mt8792,5,5,0,0.0,0.000482
mediatek,mt8795t,5,5,0,0.0,0.000586
mediatek,mt8798,5,5,0,0.0,0.000586
mediatek,mt8873,5,5,0,0.0,0.000482
mediatek,mt8883,5,5,0,0.0,0.000482
nodejs,node.js,5,5,0,0.0,0.000368
openwebui,open_webui,5,5,0,0.0,0.00275
openwrt,openwrt,5,5,0,0.0,8e-05
pnpm,pnpm,5,5,0,0.0,9.8e-05
qwik,qwik,5,5,0,0.0,0.00018
radioinorr,svxportal,5,5,0,0.0,0.00038
sangfor,operation_and_maintenance_security_management_system,5,5,0,0.0,0.00115
sap,supplier_relationship_management,5,5,0,0.0,0.00076
sensiolabs,symfony,5,5,0,0.0,6e-05
statamic,statamic,5,5,0,0.0,0.000116
sumatrapdfreader,sumatrapdf,5,5,0,0.0,0.00013
tenda,rx3,5,5,0,0.0,0.00066
tenda,rx3_firmware,5,5,0,0.0,0.00066
trailofbits,fickling,5,5,0,0.0,0.0005
typo3,typo3,5,5,0,0.0,0.00029
wavlink,wl-wn579a3,5,5,0,0.0,0.003702
wavlink,wl-wn579a3_firmware,5,5,0,0.0,0.003702
acquia,mautic,4,4,0,0.0,0.00037
admerc,document_management_system,4,4,0,0.0,0.000337
adobe,dng_software_development_kit,4,4,0,0.0,0.000258
adobe,illustrator,4,4,0,0.0,0.00025
agpt,autogpt_platform,4,4,0,0.0,0.000725
angeljudesuarez,college_management_system,4,4,0,0.0,0.000315
angeljudesuarez,school_management_system,4,4,0,0.0,0.000335
apache,camel,4,4,0,0.0,0.001
apache,syncope,4,4,0,0.0,0.00057
chainguard,melange,4,4,0,0.0,6.5e-05
cisco,evolved_programmable_network_manager,4,4,0,0.0,0.00011
cisco,unified_communications_manager,4,4,0,0.0,0.00996
code-projects,content_management_system,4,4,0,0.0,0.000355
crmeb,crmeb,4,4,0,0.0,0.001417
dell,powerprotect_data_manager,4,4,0,0.0,0.000218
dell,wyse_management_suite,4,4,0,0.0,0.001
devcode,openstamanager,4,4,0,0.0,0.000142
enalean,tuleap,4,4,0,0.0,5e-05
f5,big-ip_advanced_web_application_firewall,4,4,0,0.0,0.000632
f5,big-ip_application_security_manager,4,4,0,0.0,0.000632
fabian,online_examination_system,4,4,0,0.0,0.000172
facturascripts,facturascripts,4,4,0,0.0,0.00016
fortinet,fortianalyzer,4,4,0,0.0,0.03681
fortinet,fortimanager,4,4,0,0.0,0.03681
fortinet,fortiproxy,4,4,0,0.0,0.03681
franklioxygen,mytube,4,4,0,0.0,0.001365
gfi,archiver,4,4,0,0.0,0.008085
glpi-project,glpi,4,4,0,0.0,0.000732
gofiber,fiber,4,4,0,0.0,0.000602
gotac,police_statistics_database_system,4,4,0,0.0,0.000617
gpac,gpac,4,4,0,0.0,0.000135
gradle,gradle,4,4,0,0.0,0.00023
growth,growthexperiments,4,4,0,0.0,0.00011
hpe,aruba_networking_private_5g_core,4,4,0,0.0,0.00052
hummerrisk,hummerrisk,4,4,0,0.0,0.003285
isaacs,tar,4,4,0,0.0,0.000102
janet-lang,janet,4,4,0,0.0,0.000192
jenkins,jenkins,4,4,0,0.0,0.000815
keystorage,global_facilities_management_software,4,4,0,0.0,0.00077
kyverno,kyverno,4,4,0,0.0,0.00053
libvips,libvips,4,4,0,0.0,0.000168
linuxcontainers,incus,4,4,0,0.0,0.00034
linuxfoundation,backstage,4,4,0,0.0,0.00021
linuxfoundation,dragonfly,4,4,0,0.0,0.00079
mediatek,mt8755,4,4,0,0.0,0.000582
mediatek,mt8863,4,4,0,0.0,0.000582
mediawiki,mediawiki,4,4,0,0.0,0.000755
microsoft,exchange_server,4,4,0,0.0,0.00055
microsoft,word,4,4,0,0.0,0.000745
nimbletech,ezcast_pro_dongle_ii,4,4,0,0.0,0.000388
nimbletech,ezcast_pro_dongle_ii_firmware,4,4,0,0.0,0.000388
nocodb,nocodb,4,4,0,0.0,0.000418
openstack,vitrage,4,4,0,0.0,0.00076
opexustech,ecase_audit,4,4,0,0.0,0.000125
oracle,apex,4,4,0,0.0,0.00027
oracle,graalvm,4,4,0,0.0,0.000347
oracle,mysql_cluster,4,4,0,0.0,0.00047
polarlearn,polarlearn,4,4,0,0.0,0.000228
publiccms,publiccms,4,4,0,0.0,0.000807
quickjs-ng,quickjs,4,4,0,0.0,0.001158
rustcrypto,sm2_elliptic_curve,4,4,0,0.0,0.001345
salesforce,marketing_cloud_engagement,4,4,0,0.0,0.0002
sap,business_server_pages,4,4,0,0.0,0.00054
sap,commerce_cloud,4,4,0,0.0,0.00042
sap,netweaver_as_abap_krnl64nuc,4,4,0,0.0,0.000125
sap,netweaver_as_abap_krnl64uc,4,4,0,0.0,0.000132
sap,supply_chain_management,4,4,0,0.0,0.00079
siemens,sinec_nms,4,4,0,0.0,7e-05
sonicwall,nsa_2700,4,4,0,0.0,0.001575
sonicwall,nsa_2800,4,4,0,0.0,0.001575
sonicwall,nsa_3700,4,4,0,0.0,0.001575
sonicwall,nsa_3800,4,4,0,0.0,0.001575
sonicwall,nsa_4700,4,4,0,0.0,0.001575
sonicwall,nsa_4800,4,4,0,0.0,0.001575
sonicwall,nsa_5700,4,4,0,0.0,0.001575
sonicwall,nsa_5800,4,4,0,0.0,0.001575
sonicwall,nsa_6700,4,4,0,0.0,0.001575
sonicwall,nssp_10700,4,4,0,0.0,0.001575
sonicwall,nssp_11700,4,4,0,0.0,0.001575
sonicwall,nssp_13700,4,4,0,0.0,0.001575
sonicwall,nssp_15700,4,4,0,0.0,0.001575
sonicwall,nsv270,4,4,0,0.0,0.001575
sonicwall,nsv470,4,4,0,0.0,0.001575
sonicwall,nsv870,4,4,0,0.0,0.001575
sonicwall,tz270,4,4,0,0.0,0.001575
sonicwall,tz270w,4,4,0,0.0,0.001575
sonicwall,tz280,4,4,0,0.0,0.001575
sonicwall,tz370,4,4,0,0.0,0.001575
sonicwall,tz370w,4,4,0,0.0,0.001575
sonicwall,tz380,4,4,0,0.0,0.001575
sonicwall,tz470,4,4,0,0.0,0.001575
sonicwall,tz470w,4,4,0,0.0,0.001575
sonicwall,tz480,4,4,0,0.0,0.001575
sonicwall,tz570,4,4,0,0.0,0.001575
sonicwall,tz570p,4,4,0,0.0,0.001575
sonicwall,tz570w,4,4,0,0.0,0.001575
sonicwall,tz580,4,4,0,0.0,0.001575
sonicwall,tz670,4,4,0,0.0,0.001575
sonicwall,tz680,4,4,0,0.0,0.001575
sonicwall,tz80,4,4,0,0.0,0.001575
stackideas,easydiscuss,4,4,0,0.0,0.000142
svelte,svelte,4,4,0,0.0,0.00039
tenda,ac7,4,4,0,0.0,0.00016
tenda,ac7_firmware,4,4,0,0.0,0.00016
tenda,f3,4,4,0,0.0,0.000295
tenda,f3_firmware,4,4,0,0.0,0.000295
thelibrarian,the_librarian,4,4,0,0.0,0.00015
torchbox,wagtail,4,4,0,0.0,0.00012
totolink,a7000r,4,4,0,0.0,0.029845
totolink,a7000r_firmware,4,4,0,0.0,0.029845
utt,810,4,4,0,0.0,0.003233
utt,810_firmware,4,4,0,0.0,0.003233
vllm,vllm,4,4,0,0.0,0.000418
wikimedia,campaignevents,4,4,0,0.0,0.00012
wikimedia,mediawiki-extensions-uploadwizard,4,4,0,0.0,0.00042
wikimedia,wikibase,4,4,0,0.0,0.00011
wikisource,proofread_page,4,4,0,0.0,0.00041
wikiworks,approved_revs,4,4,0,0.0,0.00013
absolute,secure_access,3,3,0,0.0,0.000243
agentfront,enclave,3,3,0,0.0,0.002367
altium,altium_live,3,3,0,0.0,0.000143
amazon,firecracker,3,3,0,0.0,0.0001
autodesk,fusion,3,3,0,0.0,0.000273
avahi,avahi,3,3,0,0.0,0.00037
bdtask,bhojon,3,3,0,0.0,0.00031
binary-husky,gpt_academic,3,3,0,0.0,0.012327
broadcom,fabric_operating_system,3,3,0,0.0,0.0001
cesanta,mongoose,3,3,0,0.0,0.00086
chainguard,apko,3,3,0,0.0,0.000333
churchcrm,churchcrm,3,3,0,0.0,0.000317
cijliu,librtsp,3,3,0,0.0,0.00018
cmu,panda3d,3,3,0,0.0,0.00062
cybozu,garoon,3,3,0,0.0,0.000117
dinky,dinky,3,3,0,0.0,0.00075
dlink,dir-605l,3,3,0,0.0,0.00054
dlink,dir-605l_firmware,3,3,0,0.0,0.00054
dlink,dir-619l,3,3,0,0.0,0.00054
dlink,dir-619l_firmware,3,3,0,0.0,0.00054
dlink,dwr-m921,3,3,0,0.0,0.001293
dlink,dwr-m921_firmware,3,3,0,0.0,0.001293
dlink,dwr-m961,3,3,0,0.0,0.000333
dlink,dwr-m961_firmware,3,3,0,0.0,0.000333
docker,desktop,3,3,0,0.0,0.00014
docmost,docmost,3,3,0,0.0,0.000323
dokploy,dokploy,3,3,0,0.0,0.000773
eyoucms,eyoucms,3,3,0,0.0,0.00016
f5,big-ip_advanced_firewall_manager,3,3,0,0.0,0.00053
f5,big-ip_analytics,3,3,0,0.0,0.00053
f5,big-ip_application_acceleration_manager,3,3,0,0.0,0.00053
f5,big-ip_application_visibility_and_reporting,3,3,0,0.0,0.00053
f5,big-ip_automation_toolchain,3,3,0,0.0,0.00053
f5,big-ip_carrier-grade_nat,3,3,0,0.0,0.00053
f5,big-ip_ddos_hybrid_defender,3,3,0,0.0,0.00053
f5,big-ip_domain_name_system,3,3,0,0.0,0.00053
f5,big-ip_edge_gateway,3,3,0,0.0,0.00053
f5,big-ip_fraud_protection_service,3,3,0,0.0,0.00053
f5,big-ip_global_traffic_manager,3,3,0,0.0,0.00053
f5,big-ip_link_controller,3,3,0,0.0,0.00053
f5,big-ip_local_traffic_manager,3,3,0,0.0,0.00053
f5,big-ip_policy_enforcement_manager,3,3,0,0.0,0.00053
f5,big-ip_ssl_orchestrator,3,3,0,0.0,0.00053
f5,big-ip_webaccelerator,3,3,0,0.0,0.00053
f5,big-ip_websafe,3,3,0,0.0,0.00053
f5,nginx_ingress_controller,3,3,0,0.0,0.00015
facebook,react,3,3,0,0.0,0.01395
fastgpt,fastgpt,3,3,0,0.0,0.000447
feathersjs,feathers,3,3,0,0.0,0.00028
filebrowser,filebrowser,3,3,0,0.0,0.00103
fortinet,fortiweb,3,3,0,0.0,0.03681
frappe,learning,3,3,0,0.0,0.000267
free5gc,smf,3,3,0,0.0,0.000543
gnupg,gnupg,3,3,0,0.0,0.000543
gpg4win,gpg4win,3,3,0,0.0,0.000543
gtsteffaniak,filebrowser_quantum,3,3,0,0.0,0.00034
hamastar,meetinghub_paperless_meetings,3,3,0,0.0,0.00051
hoppscotch,hoppscotch,3,3,0,0.0,0.000433
hotcrp,hotcrp,3,3,0,0.0,0.000723
icinga,icinga,3,3,0,0.0,8e-05
ixray-team,ix-ray_engine_1.6,3,3,0,0.0,0.000497
janobe,online_class_record_system,3,3,0,0.0,0.00033
jdcloud,ax6600,3,3,0,0.0,0.001243
jdcloud,ax6600_firmware,3,3,0,0.0,0.001243
jeecg,jeecg_boot,3,3,0,0.0,0.00027
jetbrains,teamcity,3,3,0,0.0,1.7e-05
jishenghua,jsherp,3,3,0,0.0,0.00036
juneandgreen,sm-crypto,3,3,0,0.0,8.7e-05
juniper,mx10004,3,3,0,0.0,0.000133
juniper,mx10008,3,3,0,0.0,0.000133
leepeuker,movary,3,3,0,0.0,0.001377
libpng,libpng,3,3,0,0.0,0.00038
litestar,litestar,3,3,0,0.0,0.000127
manyfold,manyfold,3,3,0,0.0,0.000403
mediatek,mt8390,3,3,0,0.0,2.7e-05
mediatek,mt8395,3,3,0,0.0,2.7e-05
metadrop,group_invite,3,3,0,0.0,0.00038
microsoft,.net,3,3,0,0.0,0.0003
microsoft,azure_conversation_authoring_client_library,3,3,0,0.0,0.00171
microsoft,edge_chromium,3,3,0,0.0,0.000373
mintplexlabs,anythingllm,3,3,0,0.0,0.00079
morelitea,initiative,3,3,0,0.0,0.000703
munyweki,student_result_management_system,3,3,0,0.0,0.00063
nagios,nagios_xi,3,3,0,0.0,0.01872
netgear,rbr750,3,3,0,0.0,0.000937
netgear,rbr750_firmware,3,3,0,0.0,0.000937
netgear,rbr850,3,3,0,0.0,0.000937
netgear,rbr850_firmware,3,3,0,0.0,0.000937
netgear,rbr860,3,3,0,0.0,0.000937
netgear,rbr860_firmware,3,3,0,0.0,0.000937
netgear,rbre960,3,3,0,0.0,0.000937
netgear,rbre960_firmware,3,3,0,0.0,0.000937
netgear,rbs750,3,3,0,0.0,0.000937
netgear,rbs750_firmware,3,3,0,0.0,0.000937
netgear,rbs850,3,3,0,0.0,0.000937
netgear,rbs850_firmware,3,3,0,0.0,0.000937
netgear,rbs860,3,3,0,0.0,0.000937
netgear,rbs860_firmware,3,3,0,0.0,0.000937
netgear,rbse960,3,3,0,0.0,0.000937
netgear,rbse960_firmware,3,3,0,0.0,0.000937
opensift,opensift,3,3,0,0.0,0.000373
oracle,flexcube_investor_servicing,3,3,0,0.0,0.00085
oracle,http_server,3,3,0,0.0,0.0003
oracle,life_sciences_central_designer,3,3,0,0.0,0.000387
oracle,mysql,3,3,0,0.0,0.00047
oracle,weblogic_server_proxy_plug-in,3,3,0,0.0,0.0003
oretnom23,simple_responsive_tourism_website,3,3,0,0.0,0.000313
oxygenz,clipbucket,3,3,0,0.0,0.00041
payloadcms,payload,3,3,0,0.0,0.00023
phillipsdata,blesta,3,3,0,0.0,0.00029
phpgurukul,hospital_management_system,3,3,0,0.0,0.000283
phpgurukul,news_portal,3,3,0,0.0,0.000467
phpmyfaq,phpmyfaq,3,3,0,0.0,0.000133
pjsip,pjsip,3,3,0,0.0,0.00029
preactjs,preact,3,3,0,0.0,0.00052
projectworlds,house_rental_and_property_listing_project,3,3,0,0.0,0.000367
quic-go,webtransport-go,3,3,0,0.0,0.00018
ritlabs,tinyweb,3,3,0,0.0,0.002697
rollupjs,rollup,3,3,0,0.0,0.00624
rongzhitong,visual_integrated_command_and_dispatch_platform,3,3,0,0.0,0.0006
sap,businessobjects_enterprise,3,3,0,0.0,0.0001
shopify,react-router,3,3,0,0.0,0.000163
shopify,remix-run\/react,3,3,0,0.0,0.000163
sick,incoming_goods_suite,3,3,0,0.0,0.000243
sigstore,cosign,3,3,0,0.0,0.0001
stellar,rs-soroban-sdk,3,3,0,0.0,0.00034
strlen,lobster,3,3,0,0.0,0.000153
tanium,asset,3,3,0,0.0,0.00031
tanium,tanos,3,3,0,0.0,0.00036
tarkov,tarkov_data_manager,3,3,0,0.0,0.00236
tattile,anpr_mobile,3,3,0,0.0,0.003267
tattile,anpr_mobile_firmware,3,3,0,0.0,0.003267
tattile,axle_counter,3,3,0,0.0,0.003267
tattile,axle_counter_firmware,3,3,0,0.0,0.003267
tattile,basic_mk2,3,3,0,0.0,0.003267
tattile,basic_mk2_firmware,3,3,0,0.0,0.003267
tattile,smart\+,3,3,0,0.0,0.003267
tattile,smart\+_firmware,3,3,0,0.0,0.003267
tattile,smart\+_speed,3,3,0,0.0,0.003267
tattile,smart\+_speed_firmware,3,3,0,0.0,0.003267
tattile,smart\+_traffic_light,3,3,0,0.0,0.003267
tattile,smart\+_traffic_light_firmware,3,3,0,0.0,0.003267
tattile,tolling\+,3,3,0,0.0,0.003267
tattile,tolling\+_firmware,3,3,0,0.0,0.003267
tattile,vega11,3,3,0,0.0,0.003267
tattile,vega11_firmware,3,3,0,0.0,0.003267
tattile,vega33,3,3,0,0.0,0.003267
tattile,vega33_firmware,3,3,0,0.0,0.003267
tattile,vega53,3,3,0,0.0,0.003267
tattile,vega53_firmware,3,3,0,0.0,0.003267
technical-laohu,mpay,3,3,0,0.0,0.000437
tenda,a18,3,3,0,0.0,0.000677
tenda,a18_firmware,3,3,0,0.0,0.000677
tenda,ac21,3,3,0,0.0,0.0002
tenda,ac21_firmware,3,3,0,0.0,0.0002
tenda,ac8,3,3,0,0.0,0.000813
tenda,ac8_firmware,3,3,0,0.0,0.000813
tenda,hg10,3,3,0,0.0,0.035793
tenda,hg10_firmware,3,3,0,0.0,0.035793
tenda,tx9,3,3,0,0.0,0.00066
tenda,tx9_firmware,3,3,0,0.0,0.00066
theupdateframework,go-tuf,3,3,0,0.0,0.000137
totolink,a3002ru_firmware,3,3,0,0.0,0.00131
totolink,nr1800x,3,3,0,0.0,0.01172
totolink,nr1800x_firmware,3,3,0,0.0,0.01172
tp-link,tapo_c260,3,3,0,0.0,0.000907
tp-link,tapo_c260_firmware,3,3,0,0.0,0.000907
traccar,traccar,3,3,0,0.0,0.00034
traefik,traefik,3,3,0,0.0,0.000177
wavlink,wl-nu516u1,3,3,0,0.0,0.001753
wavlink,wl-nu516u1_firmware,3,3,0,0.0,0.001753
weblate,weblate,3,3,0,0.0,0.000277
weblate,wlc,3,3,0,0.0,7.3e-05
webtechnologies,changedetection,3,3,0,0.0,0.000463
yifangcms,yifang,3,3,0,0.0,0.000273
zentao,zentao,3,3,0,0.0,0.00046
zitadel,zitadel,3,3,0,0.0,0.0002
5ire,5ire,2,2,0,0.0,0.002505
84codes,lavinmq,2,2,0,0.0,0.000295
a466350665,smart-sso,2,2,0,0.0,0.00027
actualbudget,actual,2,2,0,0.0,0.00068
adguard,trusttunnel,2,2,0,0.0,0.00037
adobe,incopy,2,2,0,0.0,0.00029
adobe,lightroom,2,2,0,0.0,0.00034
alinto,sogo,2,2,0,0.0,0.00027
alistgo,alist,2,2,0,0.0,0.000155
alkacon,opencms,2,2,0,0.0,0.0003
anoma,opencode,2,2,0,0.0,0.02095
anysphere,cursor,2,2,0,0.0,0.000555
apache,airflow,2,2,0,0.0,0.000365
apache,shiro,2,2,0,0.0,0.00063
apache,solr,2,2,0,0.0,0.00139
appsmith,appsmith,2,2,0,0.0,0.000585
arcane,arcane,2,2,0,0.0,0.000975
argoproj,argo_workflows,2,2,0,0.0,0.00053
astro,\@astrojs\/node,2,2,0,0.0,0.00058
autodesk,advance_steel,2,2,0,0.0,0.0002
autodesk,autocad,2,2,0,0.0,0.0002
autodesk,autocad_architecture,2,2,0,0.0,0.0002
autodesk,autocad_electrical,2,2,0,0.0,0.0002
autodesk,autocad_map_3d,2,2,0,0.0,0.0002
autodesk,autocad_mechanical,2,2,0,0.0,0.0002
autodesk,autocad_mep,2,2,0,0.0,0.0002
autodesk,autocad_plant_3d,2,2,0,0.0,0.0002
autodesk,civil_3d,2,2,0,0.0,0.0002
autodesk,infraworks,2,2,0,0.0,0.0002
autodesk,inventor,2,2,0,0.0,0.0002
autodesk,revit,2,2,0,0.0,0.0002
autodesk,revit_lt,2,2,0,0.0,0.0002
autodesk,shared_components,2,2,0,0.0,0.0002
autodesk,vault,2,2,0,0.0,0.0002
bigbluebutton,bigbluebutton,2,2,0,0.0,0.000695
bishopfox,sliver,2,2,0,0.0,0.000165
bludit,bludit,2,2,0,0.0,0.000235
bontrofftech,medical_center_portal_management_system,2,2,0,0.0,0.00021
bordeaux-metropole,at_internet_piano_analytics,2,2,0,0.0,0.0003
cakephp,cakephp,2,2,0,0.0,0.00018
cern,indico,2,2,0,0.0,0.00049
cert-manager,cert-manager,2,2,0,0.0,0.00015
chainguard,malcontent,2,2,0,0.0,0.00016
chainlit,chainlit,2,2,0,0.0,0.000335
chaiscript,chaiscript,2,2,0,0.0,0.00023
charm,soft_serve,2,2,0,0.0,0.00032
ci4-cms-erp,ci4ms,2,2,0,0.0,0.002095
cisco,prime_infrastructure,2,2,0,0.0,0.00011
cisco,unified_communications_manager_im_and_presence_service,2,2,0,0.0,0.00996
cisco,unity_connection,2,2,0,0.0,0.00996
clive_21,directory_management_system,2,2,0,0.0,0.000365
cloudflare,wrangler,2,2,0,0.0,0.00051
cocoteanet,cyreneadmin,2,2,0,0.0,0.000545
comfast,cf-e7,2,2,0,0.0,0.00303
comfast,cf-e7_firmware,2,2,0,0.0,0.00303
comfast,cf-n1,2,2,0,0.0,0.00351
comfast,cf-n1_firmware,2,2,0,0.0,0.00351
comfy,comfyui-manager,2,2,0,0.0,0.00015
connectwise,professional_service_automation,2,2,0,0.0,0.00016
copier-org,copier,2,2,0,0.0,0.00037
coreshop,coreshop,2,2,0,0.0,0.000125
craftycontrol,crafty_controller,2,2,0,0.0,0.000865
cskefu,cskefu,2,2,0,0.0,0.00019
cvat,computer_vision_annotation_tool,2,2,0,0.0,0.00038
datadoghq,guarddog,2,2,0,0.0,0.003525
deepwisdom,metagpt,2,2,0,0.0,0.01554
deno,deno,2,2,0,0.0,0.00019
detronetdip,e-commerce,2,2,0,0.0,0.001055
dlink,d-view_8,2,2,0,0.0,0.000295
dlink,dcs-700l,2,2,0,0.0,0.000795
dlink,dcs-700l_firmware,2,2,0,0.0,0.000795
dlink,dcs-931l,2,2,0,0.0,0.00151
dlink,dcs-931l_firmware,2,2,0,0.0,0.00151
dlink,di-7100g_c1,2,2,0,0.0,0.000595
dlink,di-7100g_c1_firmware,2,2,0,0.0,0.000595
dst-admin_project,dst-admin,2,2,0,0.0,0.002
eclipse,vert.x-web,2,2,0,0.0,0.0002
egroupware,egroupware,2,2,0,0.0,0.00038
enhancesoft,osticket,2,2,0,0.0,0.17386
envoyproxy,gateway,2,2,0,0.0,4e-05
esm,esm.sh,2,2,0,0.0,0.000715
evershop,evershop,2,2,0,0.0,0.00041
f5,nginx_gateway_fabric,2,2,0,0.0,0.00015
f5,nginx_open_source,2,2,0,0.0,0.00015
fabian,contact_management_system,2,2,0,0.0,0.000315
fabian,online_student_management_system,2,2,0,0.0,0.000185
faraday_project,faraday,2,2,0,0.0,0.00013
fast-xml-parser_project,fast-xml-parser,2,2,0,0.0,0.00038
fastify,fastify,2,2,0,0.0,0.000155
fedify,hollo,2,2,0,0.0,0.00015
filerise,filerise,2,2,0,0.0,0.0006
foxit,pdf_editor_cloud,2,2,0,0.0,0.00037
frappe,frappe,2,2,0,0.0,0.00032
freedesktop,udisks,2,2,0,0.0,8e-05
freescout,freescout,2,2,0,0.0,0.002655
ghost,portal,2,2,0,0.0,0.00014
gnu,glibc,2,2,0,0.0,0.000135
gotac,statistics_database_system,2,2,0,0.0,0.000365
greatdevelopers,certificate,2,2,0,0.0,0.00107
heinlein,opencloud_reva,2,2,0,0.0,0.00035
higuma,webaudiorecorder.js,2,2,0,0.0,0.00048
hitachienergy,reb500,2,2,0,0.0,0.000315
hitachienergy,reb500_firmware,2,2,0,0.0,0.000315
hitachienergy,rtu520,2,2,0,0.0,0.00053
hitachienergy,rtu530,2,2,0,0.0,0.00053
hitachienergy,rtu540,2,2,0,0.0,0.00053
hitachienergy,rtu560,2,2,0,0.0,0.00053
hp,d9l18a,2,2,0,0.0,0.000205
hp,d9l18a_firmware,2,2,0,0.0,0.000205
hp,j6x76a,2,2,0,0.0,0.000205
hp,j6x76a_firmware,2,2,0,0.0,0.000205
hp,j6x77a,2,2,0,0.0,0.000205
hp,j6x77a_firmware,2,2,0,0.0,0.000205
hp,j6x78a,2,2,0,0.0,0.000205
hp,j6x78a_firmware,2,2,0,0.0,0.000205
hp,j6x79a,2,2,0,0.0,0.000205
hp,j6x79a_firmware,2,2,0,0.0,0.000205
hp,j6x80a,2,2,0,0.0,0.000205
hp,j6x80a_firmware,2,2,0,0.0,0.000205
hp,j6x81a,2,2,0,0.0,0.000205
hp,j6x81a_firmware,2,2,0,0.0,0.000205
hp,k7s37a,2,2,0,0.0,0.000205
hp,k7s37a_firmware,2,2,0,0.0,0.000205
hp,k7s38a,2,2,0,0.0,0.000205
hp,k7s38a_firmware,2,2,0,0.0,0.000205
hp,m9l65a,2,2,0,0.0,0.000205
hp,m9l65a_firmware,2,2,0,0.0,0.000205
hp,m9l66a,2,2,0,0.0,0.000205
hp,m9l66a_firmware,2,2,0,0.0,0.000205
hp,m9l67a,2,2,0,0.0,0.000205
hp,m9l67a_firmware,2,2,0,0.0,0.000205
hp,m9l70a,2,2,0,0.0,0.000205
hp,m9l70a_firmware,2,2,0,0.0,0.000205
hp,t0g46a,2,2,0,0.0,0.000205
hp,t0g46a_firmware,2,2,0,0.0,0.000205
hp,t0g47a,2,2,0,0.0,0.000205
hp,t0g47a_firmware,2,2,0,0.0,0.000205
hp,t0g48a,2,2,0,0.0,0.000205
hp,t0g48a_firmware,2,2,0,0.0,0.000205
hp,t0g49a,2,2,0,0.0,0.000205
hp,t0g49a_firmware,2,2,0,0.0,0.000205
htmlsanitizer_project,htmlsanitizer,2,2,0,0.0,0.00041
hubspot,jinjava,2,2,0,0.0,0.00037
hyland,alfresco_transformation_service,2,2,0,0.0,0.00146
hyland,transform_core_aio,2,2,0,0.0,0.00146
insat,masterscada,2,2,0,0.0,0.0088
ironmansoftware,powershell_universal,2,2,0,0.0,0.00035
jeewms,jeewms,2,2,0,0.0,0.000425
jetbrains,youtrack,2,2,0,0.0,1e-05
jm33-m0,emp3r0r,2,2,0,0.0,0.003255
jmpsec,osctrl,2,2,0,0.0,0.00053
jsbroks,coco_annotator,2,2,0,0.0,0.00021
jtenman,central_authentication_system_server,2,2,0,0.0,0.00039
jung-group,smart_visu_server,2,2,0,0.0,0.001085
jung-group,smart_visu_server_firmware,2,2,0,0.0,0.001085
juniper,mx2008,2,2,0,0.0,0.00017
juniper,mx2010,2,2,0,0.0,0.00017
juniper,mx2020,2,2,0,0.0,0.00017
juniper,mx204,2,2,0,0.0,0.00017
juniper,mx240,2,2,0,0.0,0.00017
juniper,mx304,2,2,0,0.0,0.00017
juniper,mx480,2,2,0,0.0,0.00017
juniper,mx960,2,2,0,0.0,0.00017
katacontainers,kata_containers,2,2,0,0.0,0.000405
keras,keras,2,2,0,0.0,0.00021
kidocode,crawl4ai,2,2,0,0.0,0.0017
koajs,koa,2,2,0,0.0,0.00073
kromit,titra,2,2,0,0.0,0.000495
lily-lang,lily,2,2,0,0.0,0.00022
lintsinghua,deepaudit,2,2,0,0.0,0.000445
linuxfoundation,antrea,2,2,0,0.0,0.00017
linuxfoundation,everest,2,2,0,0.0,0.001195
linuxfoundation,nats-server,2,2,0,0.0,0.0007
linuxfoundation,rekor,2,2,0,0.0,0.00031
linuxfoundation,vitess,2,2,0,0.0,0.00037
markusproject,markus,2,2,0,0.0,0.00064
mattermost,zoom,2,2,0,0.0,0.00031
mediatek,mt6881,2,2,0,0.0,2.5e-05
mediatek,mt7902,2,2,0,0.0,7.5e-05
mediatek,mt7915,2,2,0,0.0,8e-05
mediatek,mt7916,2,2,0,0.0,8e-05
mediatek,mt7920,2,2,0,0.0,7.5e-05
mediatek,mt7921,2,2,0,0.0,7.5e-05
mediatek,mt7922,2,2,0,0.0,7.5e-05
mediatek,mt7925,2,2,0,0.0,7.5e-05
mediatek,mt7927,2,2,0,0.0,7.5e-05
mediatek,mt7981,2,2,0,0.0,8e-05
mediatek,mt7986,2,2,0,0.0,8e-05
mediatek,mt8168,2,2,0,0.0,2.5e-05
mediatek,mt8188,2,2,0,0.0,2.5e-05
mediatek,mt8195,2,2,0,0.0,2.5e-05
mediatek,mt8196,2,2,0,0.0,5.5e-05
mediatek,mt8365,2,2,0,0.0,2.5e-05
mediatek,mt8370,2,2,0,0.0,2.5e-05
mediatek,mt8666,2,2,0,0.0,2.5e-05
mediatek,mt8667,2,2,0,0.0,2.5e-05
mediatek,mt8775,2,2,0,0.0,0.000405
mediatek,mt8796,2,2,0,0.0,5.5e-05
mediatek,nbiot_sdk,2,2,0,0.0,7.5e-05
mediatek,software_development_kit,2,2,0,0.0,8e-05
microsoft,azure_front_door,2,2,0,0.0,0.00054
microsoft,outlook,2,2,0,0.0,0.00033
microsoft,sql_server_2022,2,2,0,0.0,0.00057
microsoft,visual_studio_2022,2,2,0,0.0,0.00026
microsoft,visual_studio_code,2,2,0,0.0,0.000245
microsoft,windows_admin_center,2,2,0,0.0,0.00049
milvus,milvus,2,2,0,0.0,0.00323
mindsdb,mindsdb,2,2,0,0.0,0.0018
monospace,directus,2,2,0,0.0,0.000495
moxa,uc-1222a,2,2,0,0.0,0.000155
moxa,uc-1222a_firmware,2,2,0,0.0,0.000155
moxa,uc-2222a-t,2,2,0,0.0,0.000155
moxa,uc-2222a-t-ap,2,2,0,0.0,0.000155
moxa,uc-2222a-t-ap_firmware,2,2,0,0.0,0.000155
moxa,uc-2222a-t-eu,2,2,0,0.0,0.000155
moxa,uc-2222a-t-eu_firmware,2,2,0,0.0,0.000155
moxa,uc-2222a-t-us,2,2,0,0.0,0.000155
moxa,uc-2222a-t-us_firmware,2,2,0,0.0,0.000155
moxa,uc-2222a-t_firmware,2,2,0,0.0,0.000155
moxa,uc-3420a-t-lte,2,2,0,0.0,0.000155
moxa,uc-3420a-t-lte_firmware,2,2,0,0.0,0.000155
moxa,uc-3424a-t-lte,2,2,0,0.0,0.000155
moxa,uc-3424a-t-lte_firmware,2,2,0,0.0,0.000155
moxa,uc-3430a-t-lte-wifi,2,2,0,0.0,0.000155
moxa,uc-3430a-t-lte-wifi_firmware,2,2,0,0.0,0.000155
moxa,uc-3434a-t-lte-wifi,2,2,0,0.0,0.000155
moxa,uc-3434a-t-lte-wifi_firmware,2,2,0,0.0,0.000155
moxa,uc-4410a-t,2,2,0,0.0,0.000155
moxa,uc-4410a-t_firmware,2,2,0,0.0,0.000155
moxa,uc-4414a-i-t,2,2,0,0.0,0.000155
moxa,uc-4414a-i-t_firmware,2,2,0,0.0,0.000155
moxa,uc-4430a-t,2,2,0,0.0,0.000155
moxa,uc-4430a-t_firmware,2,2,0,0.0,0.000155
moxa,uc-4434a-i-t,2,2,0,0.0,0.000155
moxa,uc-4434a-i-t_firmware,2,2,0,0.0,0.000155
moxa,uc-4450a-t-5g,2,2,0,0.0,0.000155
moxa,uc-4450a-t-5g_firmware,2,2,0,0.0,0.000155
moxa,uc-4454a-t-5g,2,2,0,0.0,0.000155
moxa,uc-4454a-t-5g_firmware,2,2,0,0.0,0.000155
moxa,uc-8210-t-lx-s,2,2,0,0.0,0.000155
moxa,uc-8210-t-lx-s_firmware,2,2,0,0.0,0.000155
moxa,uc-8220-t-lx,2,2,0,0.0,0.000155
moxa,uc-8220-t-lx-ap-s,2,2,0,0.0,0.000155
moxa,uc-8220-t-lx-ap-s_firmware,2,2,0,0.0,0.000155
moxa,uc-8220-t-lx-eu-s,2,2,0,0.0,0.000155
moxa,uc-8220-t-lx-eu-s_firmware,2,2,0,0.0,0.000155
moxa,uc-8220-t-lx-us-s,2,2,0,0.0,0.000155
moxa,uc-8220-t-lx-us-s_firmware,2,2,0,0.0,0.000155
moxa,uc-8220-t-lx_firmware,2,2,0,0.0,0.000155
moxa,v1202-ct-t,2,2,0,0.0,0.000155
moxa,v1202-ct-t_firmware,2,2,0,0.0,0.000155
moxa,v1222-ct-t,2,2,0,0.0,0.000155
moxa,v1222-ct-t_firmware,2,2,0,0.0,0.000155
moxa,v1222-w-ct-t,2,2,0,0.0,0.000155
moxa,v1222-w-ct-t_firmware,2,2,0,0.0,0.000155
moxa,v2406c-kl1-ct-t,2,2,0,0.0,0.000155
moxa,v2406c-kl1-ct-t_firmware,2,2,0,0.0,0.000155
moxa,v2406c-kl1-t,2,2,0,0.0,0.000155
moxa,v2406c-kl1-t_firmware,2,2,0,0.0,0.000155
moxa,v2406c-kl3-t,2,2,0,0.0,0.000155
moxa,v2406c-kl3-t_firmware,2,2,0,0.0,0.000155
moxa,v2406c-kl5-t,2,2,0,0.0,0.000155
moxa,v2406c-kl5-t_firmware,2,2,0,0.0,0.000155
moxa,v2406c-kl7-ct-t,2,2,0,0.0,0.000155
moxa,v2406c-kl7-ct-t_firmware,2,2,0,0.0,0.000155
moxa,v2406c-kl7-t,2,2,0,0.0,0.000155
moxa,v2406c-kl7-t_firmware,2,2,0,0.0,0.000155
moxa,v2406c-wl1-ct-t,2,2,0,0.0,0.000155
moxa,v2406c-wl1-ct-t_firmware,2,2,0,0.0,0.000155
moxa,v2406c-wl1-t,2,2,0,0.0,0.000155
moxa,v2406c-wl1-t_firmware,2,2,0,0.0,0.000155
moxa,v2406c-wl3-t,2,2,0,0.0,0.000155
moxa,v2406c-wl3-t_firmware,2,2,0,0.0,0.000155
moxa,v2406c-wl5-t,2,2,0,0.0,0.000155
moxa,v2406c-wl5-t_firmware,2,2,0,0.0,0.000155
moxa,v2406c-wl7-ct-t,2,2,0,0.0,0.000155
moxa,v2406c-wl7-ct-t_firmware,2,2,0,0.0,0.000155
moxa,v2406c-wl7-t,2,2,0,0.0,0.000155
moxa,v2406c-wl7-t_firmware,2,2,0,0.0,0.000155
native-instruments,native_access,2,2,0,0.0,5e-05
naturalintelligence,fast-xml-parser,2,2,0,0.0,0.00059
naver,lucy-xss-filter,2,2,0,0.0,0.00013
navidrome,navidrome,2,2,0,0.0,0.00028
neo4j,neo4j,2,2,0,0.0,9e-05
netgear,ex2800,2,2,0,0.0,0.000685
netgear,ex2800_firmware,2,2,0,0.0,0.000685
netgear,ex3110,2,2,0,0.0,0.000685
netgear,ex3110_firmware,2,2,0,0.0,0.000685
netgear,ex5000,2,2,0,0.0,0.000685
netgear,ex5000_firmware,2,2,0,0.0,0.000685
netgear,ex6110,2,2,0,0.0,0.000685
netgear,ex6110_firmware,2,2,0,0.0,0.000685
netgear,rbe970,2,2,0,0.0,0.000565
netgear,rbe970_firmware,2,2,0,0.0,0.000565
netgear,rbe971,2,2,0,0.0,0.000565
netgear,rbe971_firmware,2,2,0,0.0,0.000565
netgear,rbr840,2,2,0,0.0,0.001
netgear,rbr840_firmware,2,2,0,0.0,0.001
netgear,rbre950,2,2,0,0.0,0.001
netgear,rbre950_firmware,2,2,0,0.0,0.001
netgear,rbs840,2,2,0,0.0,0.001
netgear,rbs840_firmware,2,2,0,0.0,0.001
netgear,rbse950,2,2,0,0.0,0.001
netgear,rbse950_firmware,2,2,0,0.0,0.001
newbee-mall_project,newbee-mall,2,2,0,0.0,0.00074
node-modules,compressing,2,2,0,0.0,5e-05
nodejs,undici,2,2,0,0.0,0.00019
nvidia,delegated_license_service,2,2,0,0.0,0.00062
open-metadata,openmetadata,2,2,0,0.0,0.002375
openbabel,open_babel,2,2,0,0.0,0.00062
opencryptoki_project,opencryptoki,2,2,0,0.0,0.00015
openexr,openexr,2,2,0,0.0,0.00045
openmicroscopy,bio-formats,2,2,0,0.0,0.001625
opensolution,quick.cart,2,2,0,0.0,0.000455
opensourcepos,open_source_point_of_sale,2,2,0,0.0,0.001505
oplist,openlist,2,2,0,0.0,0.000165
oracle,agile_product_lifecycle_management_for_process,2,2,0,0.0,0.00109
oracle,business_intelligence,2,2,0,0.0,0.00038
oracle,java_virtual_machine,2,2,0,0.0,0.00033
outray,outray,2,2,0,0.0,0.00043
owasp,owasp_modsecurity_core_rule_set,2,2,0,0.0,0.00063
php,frankenphp,2,2,0,0.0,0.00046
phpgurukul,online_course_registration_system,2,2,0,0.0,0.000135
pimcore,admin_classic_bundle,2,2,0,0.0,1e-05
pimcore,web2print_tools,2,2,0,0.0,1e-05
plane,plane,2,2,0,0.0,0.00031
portabilis,i-educar,2,2,0,0.0,0.000315
prestashop,prestashop,2,2,0,0.0,0.00071
psysh,psysh,2,2,0,0.0,5e-05
pydantic,pydantic_ai,2,2,0,0.0,0.000145
redhat,enterprise_linux,2,2,0,0.0,8e-05
refraction-networking,utls,2,2,0,0.0,0.00015
rockoa,rockoa,2,2,0,0.0,0.00028
runtipi,runtipi,2,2,0,0.0,0.0007
rybber,minigal_nano,2,2,0,0.0,0.00064
rymcu,forest,2,2,0,0.0,0.000295
samsung,members,2,2,0,0.0,0.00015
sap,advanced_planning_and_optimization,2,2,0,0.0,0.00079
sap,business_one,2,2,0,0.0,4e-05
sap,erp,2,2,0,0.0,0.00019
signalk,signal_k_server,2,2,0,0.0,0.026595
smartertools,smartermail,2,2,0,0.0,0.445485
spip,interface_traduction_objets,2,2,0,0.0,0.00076
squirrel-lang,squirrel,2,2,0,0.0,0.00023
svelte,devalue,2,2,0,0.0,0.00018
systeminformation,systeminformation,2,2,0,0.0,0.000715
tandoor,recipes,2,2,0,0.0,0.000345
tanium,interact,2,2,0,0.0,0.00036
tanium,trends,2,2,0,0.0,0.00036
tenable,nessus_agent,2,2,0,0.0,0.00012
tenable,security_center,2,2,0,0.0,0.00071
tencent,weknora,2,2,0,0.0,0.00217
tenda,ac23,2,2,0,0.0,0.000645
tenda,ac23_firmware,2,2,0,0.0,0.000645
tenda,ac9,2,2,0,0.0,0.00094
tenda,ac9_firmware,2,2,0,0.0,0.00094
tosei-corporation,online_store_management_system,2,2,0,0.0,0.014105
totolink,a3002ru-v2,2,2,0,0.0,0.00131
totolink,n300rh_firmware,2,2,0,0.0,0.02902
totolink,wa1200-poe,2,2,0,0.0,0.00212
totolink,wa300,2,2,0,0.0,0.02621
totolink,wa300_firmware,2,2,0,0.0,0.02621
ui,unifi_protect,2,2,0,0.0,0.00033
ujcms,ujcms,2,2,0,0.0,0.001015
utt,520,2,2,0,0.0,0.0047
utt,520_firmware,2,2,0,0.0,0.0047
utt,521g,2,2,0,0.0,0.004
utt,521g_firmware,2,2,0,0.0,0.004
vim,vim,2,2,0,0.0,0.000255
wangyunf,blossom,2,2,0,0.0,0.00068
wem-project,wem,2,2,0,0.0,0.001475
wren,wren,2,2,0,0.0,0.00017
wwbn,avideo,2,2,0,0.0,0.000305
yhirose,cpp-httplib,2,2,0,0.0,0.00047
zalando,skipper,2,2,0,0.0,0.00026
zlib,zlib,2,2,0,0.0,0.00024
zoneminder,zoneminder,2,2,0,0.0,0.00027
zscaler,zscaler_internet_access_admin_portal,2,2,0,0.0,0.00084
9001,copyparty,1,1,0,0.0,0.0003
abhiphile,fermat,1,1,0,0.0,0.00075
admerc,vehicle_management_system,1,1,0,0.0,0.0003
admesh_project,admesh,1,1,0,0.0,0.00013
adminer,adminer,1,1,0,0.0,0.02921
adobe,substance_3d_painter,1,1,0,0.0,0.00037
adobe,substance_3d_sampler,1,1,0,0.0,0.00037
adonesevangelista,agri-trading_online_shopping_system,1,1,0,0.0,0.00035
adonesevangelista,online_frozen_foods_ordering_system,1,1,0,0.0,0.00039
aiven,klaw,1,1,0,0.0,0.00033
akeo,rufus,1,1,0,0.0,0.00011
alex4ssb,adb_explorer,1,1,0,0.0,0.00012
algonet,orcastatllm_researcher,1,1,0,0.0,0.0003
altium,on-prem_enterprise_server,1,1,0,0.0,0.00014
amauri,tarteaucitronjs,1,1,0,0.0,0.00017
amirraminfar,dozzle,1,1,0,0.0,0.00019
anyscale,ray,1,1,0,0.0,0.00036
apache,answer,1,1,0,0.0,0.00023
apache,druid,1,1,0,0.0,0.00076
apache,hertzbeat,1,1,0,0.0,0.00026
apache,karaf_decanter,1,1,0,0.0,0.00037
apple,container,1,1,0,0.0,6e-05
apple,containerization,1,1,0,0.0,6e-05
aquasec,trivy_action,1,1,0,0.0,0.00087
arduino,app_lab,1,1,0,0.0,0.00035
arksine,moonraker,1,1,0,0.0,0.0002
armurox,logging_redactor,1,1,0,0.0,0.00042
artifex,mupdf,1,1,0,0.0,0.00048
athroniaeth,fastapi_api_key,1,1,0,0.0,0.00072
atlassian,crowd,1,1,0,0.0,0.00065
audiobookshelf,audiobookshelf,1,1,0,0.0,0.00037
axios,axios,1,1,0,0.0,0.00033
azerothcore,azerothcore,1,1,0,0.0,0.00057
badkeys,badkeys,1,1,0,0.0,0.00014
bambuddy,bambuddy,1,1,0,0.0,0.00227
bdtask,saleserp,1,1,0,0.0,0.00042
bentoml,bentoml,1,1,0,0.0,0.00011
beyond,altec_doclink,1,1,0,0.0,0.01018
beyondtrust,privileged_remote_access,1,1,0,0.0,0.60924
beyondtrust,remote_support,1,1,0,0.0,0.60924
bleon-ethical,api-gateway-deploy,1,1,0,0.0,0.00175
bordeaux-metropole,at_internet_smarttag,1,1,0,0.0,0.00033
bpg,terraform_provider,1,1,0,0.0,0.0002
bugsink,bugsink,1,1,0,0.0,0.00058
c4illin,convertx,1,1,0,0.0,0.00128
caido,caido,1,1,0,0.0,0.00058
cal,cal.com,1,1,0,0.0,0.00104
campcodes,supplier_management_system,1,1,0,0.0,0.00032
carmelo,student_web_portal,1,1,0,0.0,0.00041
chatterbot,chatterbot,1,1,0,0.0,0.00032
chattermate,chattermate,1,1,0,0.0,0.00012
cilium,cilium,1,1,0,0.0,0.0001
cisco,skill_scanner,1,1,0,0.0,0.00059
cloudhypervisor,cloud_hypervisor,1,1,0,0.0,0.00048
code-projects,patient_record_management_system,1,1,0,0.0,0.00027
code-projects,social_networking_site,1,1,0,0.0,0.00029
codeastro,food_ordering_system,1,1,0,0.0,0.00016
collerek,ormar,1,1,0,0.0,0.00041
comfast,cf-e4,1,1,0,0.0,0.0021
comfast,cf-e4_firmware,1,1,0,0.0,0.0021
coturn_project,coturn,1,1,0,0.0,0.00035
crawlchat,crawlchat,1,1,0,0.0,0.00031
cryptography.io,cryptography,1,1,0,0.0,7e-05
css_project,css,1,1,0,0.0,0.00077
cyberark,endpoint_privilege_manager,1,1,0,0.0,0.00014
dagu,dagu,1,1,0,0.0,0.0008
dani-garcia,vaultwarden,1,1,0,0.0,0.0001
dataease,dataease,1,1,0,0.0,0.00059
datahub,datahub,1,1,0,0.0,0.00037
datapizza,datapizza-ai,1,1,0,0.0,0.00037
datapizza,datapizza_ai,1,1,0,0.0,0.0006
dcnetworks,dcme-320,1,1,0,0.0,0.00246
dcnetworks,dcme-320_firmware,1,1,0,0.0,0.00246
dell,cloudboost_virtual_appliance,1,1,0,0.0,0.00055
dell,openmanage_network_integration,1,1,0,0.0,0.00046
dell,repository_manager,1,1,0,0.0,0.00013
dell,smartfabric_os10,1,1,0,0.0,0.00107
dell,update_package_framework,1,1,0,0.0,0.0001
deltaww,asda_soft,1,1,0,0.0,0.00012
deltaww,diaview,1,1,0,0.0,0.00023
denpiligrim,repostat,1,1,0,0.0,0.00031
devolutions,remote_desktop_manager,1,1,0,0.0,5e-05
devtron,devtron,1,1,0,0.0,0.00017
dfir-iris,iris,1,1,0,0.0,0.00077
dify,dify,1,1,0,0.0,0.00031
digitalcorpora,tcpflow,1,1,0,0.0,0.0004
dlink,dcs-933l,1,1,0,0.0,0.0018
dlink,dcs-933l_firmware,1,1,0,0.0,0.0018
dlink,di-8200g,1,1,0,0.0,0.00438
dlink,di-8200g_firmware,1,1,0,0.0,0.00438
dlink,dir-600,1,1,0,0.0,0.00179
dlink,dir-600_firmware,1,1,0,0.0,0.00179
dlink,dir-832x,1,1,0,0.0,0.00117
dlink,dsl-6641k,1,1,0,0.0,0.00027
dlink,dsl-6641k_firmware,1,1,0,0.0,0.00027
dottie_project,dottie,1,1,0,0.0,0.00066
douco,douphp,1,1,0,0.0,0.00014
draytek,vigor300b,1,1,0,0.0,0.00281
draytek,vigor300b_firmware,1,1,0,0.0,0.00281
drupal_canvas_project,drupal_canvas,1,1,0,0.0,0.00037
easyappointments,easy\!appointments,1,1,0,0.0,0.0001
easycms,easycms,1,1,0,0.0,0.00015
eclipse,omr,1,1,0,0.0,0.0002
edimax,br-6208ac,1,1,0,0.0,0.0004
edimax,br-6208ac_firmware,1,1,0,0.0,0.0004
edimax,br-6258n,1,1,0,0.0,0.00029
edimax,br-6258n_firmware,1,1,0,0.0,0.00029
edimax,br-6288acl,1,1,0,0.0,0.0003
edimax,br-6288acl_firmware,1,1,0,0.0,0.0003
edubusinesssolutions,print_shop_pro_webdesk,1,1,0,0.0,0.00151
eigent,eigent,1,1,0,0.0,0.00145
emiloi,e-logbook_with_health_monitoring_system_for_covid-19,1,1,0,0.0,0.00035
enterprisedb,postgres_enterprise_manager,1,1,0,0.0,0.00012
epati,antikor_next_generation_firewall,1,1,0,0.0,0.00093
erugo,erugo,1,1,0,0.0,0.00161
esri,arcgis_pro,1,1,0,0.0,7e-05
exiftool_project,exiftool,1,1,0,0.0,0.00204
external-secrets,external_secrets_operator,1,1,0,0.0,0.00013
f5,big-ip_access_policy_manager_client,1,1,0,0.0,0.00024
f5,nginx_instance_manager,1,1,0,0.0,0.00015
fabian,online_application_system_for_admission,1,1,0,0.0,0.00011
fabian,simple_blood_donor_management_system,1,1,0,0.0,0.00035
fabricjs,fabric.js,1,1,0,0.0,0.00033
fast5,prison_management_system,1,1,0,0.0,0.00042
fastapiexpert,python-multipart,1,1,0,0.0,0.0002
feminer,warehouse_management_system,1,1,0,0.0,0.00037
flagforge,flagforge,1,1,0,0.0,0.0006
formalms,formalms,1,1,0,0.0,0.00037
fortinet,fortiauthenticator,1,1,0,0.0,0.00019
fortinet,forticlientems,1,1,0,0.0,0.00029
foswiki,foswiki,1,1,0,0.0,0.00062
free5gc,pcf,1,1,0,0.0,0.00029
free5gc,udm,1,1,0,0.0,0.00063
free5gc,udr,1,1,0,0.0,0.00032
friendsofshopware,froshadminer,1,1,0,0.0,0.0006
frigate,frigate,1,1,0,0.0,0.00295
getgreenshot,greenshot,1,1,0,0.0,0.00049
getgrist,grist-core,1,1,0,0.0,0.00022
getkirby,kirby,1,1,0,0.0,0.00025
getoutline,outline,1,1,0,0.0,0.00025
ggml,llama.cpp,1,1,0,0.0,0.00315
gitoxidelabs,gix-date,1,1,0,0.0,6e-05
glpi-project,more_reporting,1,1,0,0.0,0.00034
go-git_project,go-git,1,1,0,0.0,6e-05
google,matter,1,1,0,0.0,0.00056
google,sentencepiece,1,1,0,0.0,3e-05
grandstream,gxp1610,1,1,0,0.0,0.41137
grandstream,gxp1610_firmware,1,1,0,0.0,0.41137
grandstream,gxp1615,1,1,0,0.0,0.41137
grandstream,gxp1615_firmware,1,1,0,0.0,0.41137
grandstream,gxp1620,1,1,0,0.0,0.41137
grandstream,gxp1620_firmware,1,1,0,0.0,0.41137
grandstream,gxp1625,1,1,0,0.0,0.41137
grandstream,gxp1625_firmware,1,1,0,0.0,0.41137
grandstream,gxp1628,1,1,0,0.0,0.41137
grandstream,gxp1628_firmware,1,1,0,0.0,0.41137
grandstream,gxp1630,1,1,0,0.0,0.41137
grandstream,gxp1630_firmware,1,1,0,0.0,0.41137
guchengwuyue,yshopmall,1,1,0,0.0,0.00017
h3,h3,1,1,0,0.0,0.00029
haben-cs9,simple_and_nice_shopping_cart_script,1,1,0,0.0,0.0003
hackerbay,oneuptime,1,1,0,0.0,0.00055
happyfish100,libfastcommon,1,1,0,0.0,0.00021
harfbuzz_project,harfbuzz,1,1,0,0.0,0.00066
hdfgroup,hdf5,1,1,0,0.0,0.00034
hedgedoc,hedgedoc,1,1,0,0.0,0.00034
heyewei,jfinalcms,1,1,0,0.0,0.00025
homarr,homarr,1,1,0,0.0,0.00049
hp,d9l20a,1,1,0,0.0,4e-05
hp,d9l20a_firmware,1,1,0,0.0,4e-05
hp,d9l21a,1,1,0,0.0,4e-05
hp,d9l21a_firmware,1,1,0,0.0,4e-05
hp,d9l63a,1,1,0,0.0,4e-05
hp,d9l63a_firmware,1,1,0,0.0,4e-05
hp,d9l64a,1,1,0,0.0,4e-05
hp,d9l64a_firmware,1,1,0,0.0,4e-05
hp,g5j38a,1,1,0,0.0,4e-05
hp,g5j38a_firmware,1,1,0,0.0,4e-05
hp,g5j56a,1,1,0,0.0,4e-05
hp,g5j56a_firmware,1,1,0,0.0,4e-05
hp,j3p65a,1,1,0,0.0,4e-05
hp,j3p65a_firmware,1,1,0,0.0,4e-05
hp,j3p66a,1,1,0,0.0,4e-05
hp,j3p66a_firmware,1,1,0,0.0,4e-05
hp,j3p67a,1,1,0,0.0,4e-05
hp,j3p67a_firmware,1,1,0,0.0,4e-05
hp,j3p68a,1,1,0,0.0,4e-05
hp,j3p68a_firmware,1,1,0,0.0,4e-05
hp,j6x83a,1,1,0,0.0,4e-05
hp,j6x83a_firmware,1,1,0,0.0,4e-05
hp,k7s32a,1,1,0,0.0,4e-05
hp,k7s32a_firmware,1,1,0,0.0,4e-05
hp,k7s39a,1,1,0,0.0,4e-05
hp,k7s39a_firmware,1,1,0,0.0,4e-05
hp,k7s40a,1,1,0,0.0,4e-05
hp,k7s40a_firmware,1,1,0,0.0,4e-05
hp,k7s41a,1,1,0,0.0,4e-05
hp,k7s41a_firmware,1,1,0,0.0,4e-05
hp,k7s42a,1,1,0,0.0,4e-05
hp,k7s42a_firmware,1,1,0,0.0,4e-05
hp,k7s43a,1,1,0,0.0,4e-05
hp,k7s43a_firmware,1,1,0,0.0,4e-05
hp,l3t99a,1,1,0,0.0,4e-05
hp,l3t99a_firmware,1,1,0,0.0,4e-05
hp,t0g56a,1,1,0,0.0,4e-05
hp,t0g56a_firmware,1,1,0,0.0,4e-05
hp,t0g65a,1,1,0,0.0,4e-05
hp,t0g65a_firmware,1,1,0,0.0,4e-05
hp,t0g70a,1,1,0,0.0,4e-05
hp,t0g70a_firmware,1,1,0,0.0,4e-05
hp,t1p99a,1,1,0,0.0,4e-05
hp,t1p99a_firmware,1,1,0,0.0,4e-05
hp,y0s18a,1,1,0,0.0,4e-05
hp,y0s18a_firmware,1,1,0,0.0,4e-05
hp,y0s19a,1,1,0,0.0,4e-05
hp,y0s19a_firmware,1,1,0,0.0,4e-05
huayi-tec,jeewms,1,1,0,0.0,0.00028
huggingface,smolagents,1,1,0,0.0,0.00043
humansignal,label_studio,1,1,0,0.0,0.0001
hustoj,hustoj,1,1,0,0.0,0.00021
infiniflow,ragflow,1,1,0,0.0,0.00679
infor,syteline_erp,1,1,0,0.0,8e-05
intelbras,tip_635g,1,1,0,0.0,0.00476
intelbras,tip_635g_firmware,1,1,0,0.0,0.00476
inventree_project,inventree,1,1,0,0.0,0.00113
ip-com,w30ap,1,1,0,0.0,0.00149
ip-com,w30ap_firmware,1,1,0,0.0,0.00149
it-novum,openitcockpit,1,1,0,0.0,0.00099
itsourcecode,student_management_system,1,1,0,0.0,0.00035
janobe,e-learning_system,1,1,0,0.0,0.00034
jaseerkinangattil,microsoft_entra_id_sso_login,1,1,0,0.0,0.00049
jetbrains,hub,1,1,0,0.0,4e-05
jetbrains,pycharm,1,1,0,0.0,5e-05
jirafeau,jirafeau,1,1,0,0.0,0.00011
jizhicms,jizhicms,1,1,0,0.0,0.00025
jmlepisto,clatter,1,1,0,0.0,0.00011
jugmac00,flask-reuploaded,1,1,0,0.0,0.00128
juniper,ex4000,1,1,0,0.0,7e-05
juniper,ex4000-48mp,1,1,0,0.0,0.00017
juniper,ex4000-48p,1,1,0,0.0,0.00017
juniper,ex4000-48t,1,1,0,0.0,0.00017
juniper,ex4100,1,1,0,0.0,7e-05
juniper,ex4100-f,1,1,0,0.0,7e-05
juniper,ex4100-h,1,1,0,0.0,7e-05
juniper,ex4300,1,1,0,0.0,7e-05
juniper,ex4400,1,1,0,0.0,7e-05
juniper,ex4600,1,1,0,0.0,7e-05
juniper,ex4650,1,1,0,0.0,7e-05
juniper,lc2101,1,1,0,0.0,6e-05
juniper,lc480,1,1,0,0.0,6e-05
juniper,qfx5110,1,1,0,0.0,7e-05
juniper,qfx5120,1,1,0,0.0,7e-05
juniper,qfx5130,1,1,0,0.0,7e-05
juniper,qfx5200,1,1,0,0.0,7e-05
juniper,qfx5210,1,1,0,0.0,7e-05
juniper,qfx5220,1,1,0,0.0,7e-05
juniper,qfx5230-64cd,1,1,0,0.0,7e-05
juniper,qfx5240,1,1,0,0.0,7e-05
juniper,qfx5241,1,1,0,0.0,7e-05
juniper,qfx5700,1,1,0,0.0,7e-05
junrar_project,junrar,1,1,0,0.0,0.00104
kaleidos,penpot,1,1,0,0.0,0.0007
kalyan02,nanocms,1,1,0,0.0,0.00039
kashipara,society_management_system_portal,1,1,0,0.0,0.00051
keats,jsonwebtoken,1,1,0,0.0,0.00079
keichi,binary-parser,1,1,0,0.0,0.00068
kimai,kimai,1,1,0,0.0,0.00058
kodcloud,kodbox,1,1,0,0.0,0.00254
kubernetes,kubernetes,1,1,0,0.0,0.0006
labstack,echo,1,1,0,0.0,0.00044
lakefs,lakefs,1,1,0,0.0,0.00068
langchain,langchain_community,1,1,0,0.0,0.0001
langfuse,langfuse,1,1,0,0.0,0.00027
langroid,langroid,1,1,0,0.0,0.00047
lettermint,lettermint,1,1,0,0.0,0.00013
lfprojects,mcp_typescript_sdk,1,1,0,0.0,0.00022
lfprojects,valkey-bloom,1,1,0,0.0,0.00122
libexpat_project,libexpat,1,1,0,0.0,5e-05
librechat,librechat,1,1,0,0.0,0.00049
libtpms_project,libtpms,1,1,0,0.0,4e-05
linkace,linkace,1,1,0,0.0,0.00035
linksys,mr9600,1,1,0,0.0,0.0002
linksys,mr9600_firmware,1,1,0,0.0,0.0002
linksys,mx4200,1,1,0,0.0,0.0002
linksys,mx4200_firmware,1,1,0,0.0,0.0002
linuxfoundation,inspektor_gadget,1,1,0,0.0,0.00053
linuxfoundation,opentelemetry-go,1,1,0,0.0,6e-05
linuxfoundation,pytorch,1,1,0,0.0,0.00032
linuxfoundation,strimzi,1,1,0,0.0,0.00025
linuxfoundation,strimzi_kafka_operator,1,1,0,0.0,0.00033
livehelperchat,live_helper_chat,1,1,0,0.0,0.00024
localhostlabs,karakeep,1,1,0,0.0,0.00033
localsend,localsend,1,1,0,0.0,0.00011
locutus,locutus,1,1,0,0.0,8e-05
lycheeorg,lychee,1,1,0,0.0,0.00043
m-files,m-files_server,1,1,0,0.0,0.00102
man,d-tale,1,1,0,0.0,0.00378
markdown-it_project,markdown-it,1,1,0,0.0,0.00018
mayurik,gas_agency_management_system,1,1,0,0.0,0.00026
mayurik,pet_grooming_management_software,1,1,0,0.0,0.00015
mediatek,mt6989tb,1,1,0,0.0,8e-05
mediatek,mt7615,1,1,0,0.0,8e-05
mediatek,mt7931,1,1,0,0.0,0.00056
mediatek,mt7933,1,1,0,0.0,0.00056
mediatek,mt8696,1,1,0,0.0,3e-05
mediatek,mt8766,1,1,0,0.0,3e-05
mediatek,mt8768,1,1,0,0.0,3e-05
mediatek,mt8786,1,1,0,0.0,3e-05
mediatek,mt8910,1,1,0,0.0,8e-05
micropython,micropython,1,1,0,0.0,0.00023
microsoft,365_copilot,1,1,0,0.0,0.0015
microsoft,365_word_copilot,1,1,0,0.0,0.00064
microsoft,account,1,1,0,0.0,0.00045
microsoft,azure_arc,1,1,0,0.0,0.00062
microsoft,azure_connected_machine_agent,1,1,0,0.0,0.00057
microsoft,azure_core_shared_client_library,1,1,0,0.0,0.01467
microsoft,azure_data_explorer,1,1,0,0.0,0.00064
microsoft,azure_functions,1,1,0,0.0,0.00039
microsoft,azure_hdinsight,1,1,0,0.0,0.00026
microsoft,azure_iot_explorer,1,1,0,0.0,0.00048
microsoft,azure_local,1,1,0,0.0,0.00038
microsoft,azure_logic_apps,1,1,0,0.0,0.00138
microsoft,azure_resource_manager,1,1,0,0.0,0.0005
microsoft,confcom,1,1,0,0.0,0.00026
microsoft,confidential_sidecar_containers,1,1,0,0.0,0.00042
microsoft,copilot_studio,1,1,0,0.0,0.00087
microsoft,defender_for_endpoint,1,1,0,0.0,0.00042
microsoft,entra_id,1,1,0,0.0,0.00066
microsoft,github_copilot,1,1,0,0.0,0.0002
microsoft,maker.js,1,1,0,0.0,0.00407
microsoft,office_deployment_tool,1,1,0,0.0,0.00041
microsoft,power_apps,1,1,0,0.0,0.0004
microsoft,power_bi_report_server,1,1,0,0.0,0.00038
microsoft,sql_server_2025,1,1,0,0.0,0.00057
microsoft,teams,1,1,0,0.0,0.00097
microsoft,windows_app,1,1,0,0.0,0.00022
microsoft,windows_notepad,1,1,0,0.0,0.00102
microsoft,windows_software_development_kit,1,1,0,0.0,0.00063
mingsoft,mcms,1,1,0,0.0,0.00034
miniflux_project,miniflux,1,1,0,0.0,0.00038
minisat,minisat,1,1,0,0.0,0.0002
modery,powerdocu,1,1,0,0.0,0.00026
monicahq,monica,1,1,0,0.0,0.00052
motex,lanscope_endpoint_manager,1,1,0,0.0,0.00115
mruby,mruby,1,1,0,0.0,0.00019
msgpack,messagepack,1,1,0,0.0,0.00022
nadh,listmonk,1,1,0,0.0,0.0001
naver,billboard.js,1,1,0,0.0,0.00035
neoteroi,blacksheep,1,1,0,0.0,0.00041
netgear,cbr750,1,1,0,0.0,0.00032
netgear,cbr750_firmware,1,1,0,0.0,0.00032
netgear,nbr750,1,1,0,0.0,0.00032
netgear,nbr750_firmware,1,1,0,0.0,0.00032
netgear,rbe370,1,1,0,0.0,0.00032
netgear,rbe370_firmware,1,1,0,0.0,0.00032
netgear,rbe371,1,1,0,0.0,0.00032
netgear,rbe371_firmware,1,1,0,0.0,0.00032
netgear,rbe372,1,1,0,0.0,0.00032
netgear,rbe372_firmware,1,1,0,0.0,0.00032
netgear,rbe373,1,1,0,0.0,0.00032
netgear,rbe373_firmware,1,1,0,0.0,0.00032
netgear,rbe374,1,1,0,0.0,0.00032
netgear,rbe374_firmware,1,1,0,0.0,0.00032
netgear,rbe770,1,1,0,0.0,0.00032
netgear,rbe770_firmware,1,1,0,0.0,0.00032
netgear,rbe771,1,1,0,0.0,0.00032
netgear,rbe771_firmware,1,1,0,0.0,0.00032
netgear,rbe772,1,1,0,0.0,0.00032
netgear,rbe772_firmware,1,1,0,0.0,0.00032
netgear,rbe773,1,1,0,0.0,0.00032
netgear,rbe773_firmware,1,1,0,0.0,0.00032
netgear,xr1000v2,1,1,0,0.0,0.00044
netgear,xr1000v2_firmware,1,1,0,0.0,0.00044
netikus,eventsentry,1,1,0,0.0,0.00014
notepad-plus-plus,notepad\+\+,1,1,0,0.0,0.00013
octoprint,octoprint,1,1,0,0.0,0.00014
octopus,octopus_server,1,1,0,0.0,0.00075
olivetin,olivetin,1,1,0,0.0,0.00133
openagentplatform,dive,1,1,0,0.0,0.0003
openeclass,openeclass,1,1,0,0.0,0.00206
openfga,helm_charts,1,1,0,0.0,0.00046
openfga,openfga,1,1,0,0.0,0.00046
openmage,magento,1,1,0,0.0,0.00038
opennav,nav2,1,1,0,0.0,0.00118
opensecurity,mobile_security_framework,1,1,0,0.0,0.00013
openslides,openslides,1,1,0,0.0,0.00055
opensuse,munge,1,1,0,0.0,0.00017
opentext,directory_services,1,1,0,0.0,0.00034
opexustech,ecase_ecomplaint,1,1,0,0.0,0.00016
opexustech,ecase_portal,1,1,0,0.0,0.00039
oracle,applications_dba,1,1,0,0.0,0.00059
oracle,configurator,1,1,0,0.0,0.00036
oracle,database_server,1,1,0,0.0,0.00036
oracle,flexcube_universal_banking,1,1,0,0.0,0.00047
oracle,jd_edwards_enterpriseone_tools,1,1,0,0.0,0.00028
oracle,life_sciences_central_coding,1,1,0,0.0,0.00033
oracle,peoplesoft_enterprise_hcm_human_resources,1,1,0,0.0,0.0003
oracle,peoplesoft_supply_chain_management_purchasing,1,1,0,0.0,0.0003
oracle,planning_and_budgeting_cloud_service,1,1,0,0.0,0.00013
oracle,scripting,1,1,0,0.0,0.00028
oracle,siebel_customer_relationship_management_deployment,1,1,0,0.0,0.00051
oracle,sun_zfs_storage_appliance_kit,1,1,0,0.0,0.00018
oracle,supply_chain_products_suite,1,1,0,0.0,0.00053
oracle,workflow,1,1,0,0.0,0.00044
oretnom23,medical_certificate_generator_app,1,1,0,0.0,8e-05
palletsprojects,flask,1,1,0,0.0,0.00031
palletsprojects,werkzeug,1,1,0,0.0,0.00021
paloaltonetworks,prisma_access,1,1,0,0.0,0.00032
patrickjuchli,basic-ftp,1,1,0,0.0,0.00074
pgadmin,pgadmin_4,1,1,0,0.0,0.00018
phpgurukul,beauty_parlour_management_system,1,1,0,0.0,0.00029
phpgurukul,directory_management_system,1,1,0,0.0,0.00043
phpgurukul,online_course_registration,1,1,0,0.0,0.00042
phpgurukul,staff_leave_management_system,1,1,0,0.0,0.00038
pion,dtls,1,1,0,0.0,0.00039
plantuml,plantuml,1,1,0,0.0,0.00013
progress,telerik_ui_for_asp.net_ajax,1,1,0,0.0,0.0001
project-monai,monai,1,1,0,0.0,0.00016
projectworlds,online_food_ordering_system,1,1,0,0.0,0.00035
psu,haxcms-nodejs,1,1,0,0.0,0.00014
pterodactyl,panel,1,1,0,0.0,0.00058
pterodactyl,wings,1,1,0,0.0,0.00053
pw,omega-psir,1,1,0,0.0,0.00029
python,pillow,1,1,0,0.0,0.00017
python,urllib3,1,1,0,0.0,0.00026
qdrant,qdrant,1,1,0,0.0,0.00018
qnap,file_station,1,1,0,0.0,0.00059
qs_project,qs,1,1,0,0.0,0.00039
quenary,tugtainer,1,1,0,0.0,0.00103
rageagainstthepixel,unity-cli,1,1,0,0.0,0.00013
redaxo,redaxo,1,1,0,0.0,0.00026
redhat,developer_hub,1,1,0,0.0,0.00041
redhat,openshift,1,1,0,0.0,0.0006
remyandrade,api_key_manager_app,1,1,0,0.0,0.00032
remyandrade,doctor_appointment_system,1,1,0,0.0,0.00026
remyandrade,modern_image_gallery_app,1,1,0,0.0,0.00033
remyandrade,website_link_extractor,1,1,0,0.0,0.00038
rikyoz,bit7z,1,1,0,0.0,0.00038
rizin,rizin,1,1,0,0.0,4e-05
rocket.chat,rocket.chat,1,1,0,0.0,0.0003
root,root,1,1,0,0.0,0.00076
roxy-wi,roxy-wi,1,1,0,0.0,0.00152
rustcrypto,cmov,1,1,0,0.0,0.00029
salesforce,uni2ts,1,1,0,0.0,0.00071
samsung,cloud,1,1,0,0.0,6e-05
samsung,galaxy_store,1,1,0,0.0,0.00012
santesoft,dicom_viewer_pro,1,1,0,0.0,0.00046
sap,business_connector,1,1,0,0.0,0.00094
sap,hana_database,1,1,0,0.0,0.0005
sap,introscope_enterprise_manager,1,1,0,0.0,0.00107
sap,netweaver,1,1,0,0.0,0.00103
sap,netweaver_application_server_java,1,1,0,0.0,0.00031
sceditor,sceditor,1,1,0,0.0,0.0001
sem-cms,semcms,1,1,0,0.0,0.00038
sentry,sentry,1,1,0,0.0,0.00051
set-in_project,set-in,1,1,0,0.0,0.00025
shaarli_project,shaarli,1,1,0,0.0,0.00027
sharpred,deephas,1,1,0,0.0,9e-05
shopware,shopware,1,1,0,0.0,0.00063
siemens,nx,1,1,0,0.0,6e-05
siemens,user_management_component,1,1,0,0.0,7e-05
sillytavern,sillytavern,1,1,0,0.0,0.00033
simsong,bulk_extractor,1,1,0,0.0,0.00061
slack,nebula,1,1,0,0.0,6e-05
smn2gnt,mcp_salesforce_connector,1,1,0,0.0,0.00014
soliton,filezen,1,1,0,0.0,0.18587
solspace,freeform,1,1,0,0.0,0.0003
sourcentis,mercator,1,1,0,0.0,0.00037
spip,jeux,1,1,0,0.0,0.00035
spip,referer_spam*,1,1,0,0.0,0.00148
spip,tickets,1,1,0,0.0,0.00371
squidex.io,squidex,1,1,0,0.0,0.00079
stalw,stalwart,1,1,0,0.0,0.00047
static-web-server,static_web_server,1,1,0,0.0,0.00017
stepsecurity,harden-runner,1,1,0,0.0,0.00017
strongswan,strongman,1,1,0,0.0,0.00024
super-linter_project,super-linter,1,1,0,0.0,0.00038
svelte,kit,1,1,0,0.0,0.00019
swiperjs,swiper,1,1,0,0.0,0.00058
taklaxbr,zai_shell,1,1,0,0.0,0.00114
talishar,talishar,1,1,0,0.0,0.00018
tanium,cloud_workloads,1,1,0,0.0,0.00014
tenda,ac1206,1,1,0,0.0,0.0133
tenda,ac1206_firmware,1,1,0,0.0,0.0133
tenda,ax12_pro,1,1,0,0.0,0.00043
tenda,ax12_pro_firmware,1,1,0,0.0,0.00043
tenda,ax1803,1,1,0,0.0,0.00132
tenda,ax1803_firmware,1,1,0,0.0,0.00132
tenda,fh451,1,1,0,0.0,0.00079
tenda,fh451_firmware,1,1,0,0.0,0.00079
tenda,tx3,1,1,0,0.0,0.00084
tenda,tx3_firmware,1,1,0,0.0,0.00084
tendenci,tendenci,1,1,0,0.0,0.00263
termix,termix,1,1,0,0.0,0.00046
tfplan2md,tfplan2md,1,1,0,0.0,0.00036
tgies,client-certificate-auth,1,1,0,0.0,0.00014
thecfu,scraparr,1,1,0,0.0,0.0004
thm,pilos,1,1,0,0.0,0.00017
time_project,time,1,1,0,0.0,0.00035
tokio-rs,bytes,1,1,0,0.0,0.00013
totolink,a3002ru-v3,1,1,0,0.0,0.00131
totolink,a3600r,1,1,0,0.0,0.00171
totolink,a3600r_firmware,1,1,0,0.0,0.00171
totolink,a3700r,1,1,0,0.0,0.0014
totolink,a3700r_firmware,1,1,0,0.0,0.0014
totolink,n300rh,1,1,0,0.0,0.02902
totolink,wa1200-poe_firmware,1,1,0,0.0,0.00212
tp-link,archer_ax53,1,1,0,0.0,0.00011
tp-link,archer_ax53_firmware,1,1,0,0.0,0.00011
tp-link,archer_c20,1,1,0,0.0,0.00011
tp-link,archer_c20_firmware,1,1,0,0.0,0.00011
tp-link,archer_c60,1,1,0,0.0,0.00013
tp-link,archer_c60_firmware,1,1,0,0.0,0.00013
tum,navigatum,1,1,0,0.0,0.0003
tweedegolf,ntpd-rs,1,1,0,0.0,0.00052
tydac,map\+,1,1,0,0.0,0.00018
typemill,typemill,1,1,0,0.0,0.00078
typicms,typicms,1,1,0,0.0,0.00029
uchicago,parsl,1,1,0,0.0,0.00068
ui,airfiber_af60,1,1,0,0.0,0.00075
ui,airfiber_af60-xg,1,1,0,0.0,0.00075
ui,airfiber_af60-xg_firmware,1,1,0,0.0,0.00075
ui,airfiber_af60_firmware,1,1,0,0.0,0.00075
ui,airmax_ac,1,1,0,0.0,0.00075
ui,airmax_ac_firmware,1,1,0,0.0,0.00075
ui,airmax_m,1,1,0,0.0,0.00075
ui,airmax_m_firmware,1,1,0,0.0,0.00075
ui,ubb,1,1,0,0.0,0.002
ui,ubb-xg,1,1,0,0.0,0.002
ui,ubb-xg_firmware,1,1,0,0.0,0.002
ui,ubb_firmware,1,1,0,0.0,0.002
ui,udb-pro,1,1,0,0.0,0.002
ui,udb-pro-sector,1,1,0,0.0,0.002
ui,udb-pro-sector_firmware,1,1,0,0.0,0.002
ui,udb-pro_firmware,1,1,0,0.0,0.002
ui,unifi_connect_ev_station_lite,1,1,0,0.0,0.00025
ui,unifi_connect_ev_station_lite_firmware,1,1,0,0.0,0.00025
vaelsys,vaelsys,1,1,0,0.0,0.00284
vendure,vendure,1,1,0,0.0,0.00026
vikunja,vikunja,1,1,0,0.0,0.0001
virtualenv,virtualenv,1,1,0,0.0,0.00017
vishalmathur,cloudclassroom-php-project,1,1,0,0.0,0.00028
vm2_project,vm2,1,1,0,0.0,0.00033
wallosapp,wallos,1,1,0,0.0,0.00033
wheel_project,wheel,1,1,0,0.0,8e-05
whisper.money,whisper_money,1,1,0,0.0,0.00031
wikisphere,visualdata,1,1,0,0.0,0.00071
wintercms,winter,1,1,0,0.0,0.00012
withknown,known,1,1,0,0.0,0.00125
worklenz,worklenz,1,1,0,0.0,0.00032
xen,xen,1,1,0,0.0,0.00021
xerox,centreware_web,1,1,0,0.0,0.00026
xwiki,xwiki-rendering,1,1,0,0.0,0.00055
yt-dlp_project,yt-dlp,1,1,0,0.0,0.00701
zed,zed,1,1,0,0.0,0.0005
zeroae,zae-limiter,1,1,0,0.0,0.00046
zimaspace,zimaos,1,1,0,0.0,0.13629
zoneland,o2oa,1,1,0,0.0,0.00061
zulip,zulip_server,1,1,0,0.0,0.00012
zyxel,dx5401-b1,1,1,0,0.0,0.00072
zyxel,dx5401-b1_firmware,1,1,0,0.0,0.00072
zyxel,emg3525-t50b,1,1,0,0.0,0.00072
zyxel,emg3525-t50b_firmware,1,1,0,0.0,0.00072
zyxel,emg5523-t50b,1,1,0,0.0,0.00072
zyxel,emg5523-t50b_firmware,1,1,0,0.0,0.00072
zyxel,vmg3625-t50b,1,1,0,0.0,0.00072
zyxel,vmg3625-t50b_firmware,1,1,0,0.0,0.00072
zyxel,vmg3625-t50c,1,1,0,0.0,0.00072
zyxel,vmg3625-t50c_firmware,1,1,0,0.0,0.00072
zyxel,vmg8623-t50b,1,1,0,0.0,0.00072
zyxel,vmg8623-t50b_firmware,1,1,0,0.0,0.00072
